,IT_SICI_IT_CALA,IT_CALA_IT_SICI,IT_SICI_IT_CALA_net_export,Net Export
2026-01-01 00:00:00+00:00,0.0,513.25,-513.25,-513.25
2026-01-01 01:00:00+00:00,0.0,775.25,-775.25,-775.25
2026-01-01 02:00:00+00:00,0.0,747.5,-747.5,-747.5
2026-01-01 03:00:00+00:00,0.0,728.75,-728.75,-728.75
2026-01-01 04:00:00+00:00,0.0,726.5,-726.5,-726.5
2026-01-01 05:00:00+00:00,0.0,748.75,-748.75,-748.75
2026-01-01 06:00:00+00:00,0.0,557.75,-557.75,-557.75
2026-01-01 07:00:00+00:00,0.0,604.75,-604.75,-604.75
2026-01-01 08:00:00+00:00,0.0,514.75,-514.75,-514.75
2026-01-01 09:00:00+00:00,0.0,456.25,-456.25,-456.25
2026-01-01 10:00:00+00:00,0.0,392.0,-392.0,-392.0
2026-01-01 11:00:00+00:00,0.0,363.5,-363.5,-363.5
2026-01-01 12:00:00+00:00,0.0,290.75,-290.75,-290.75
2026-01-01 13:00:00+00:00,0.0,230.5,-230.5,-230.5
2026-01-01 14:00:00+00:00,0.0,391.25,-391.25,-391.25
2026-01-01 15:00:00+00:00,0.0,324.25,-324.25,-324.25
2026-01-01 16:00:00+00:00,0.0,177.75,-177.75,-177.75
2026-01-01 17:00:00+00:00,0.0,189.25,-189.25,-189.25
2026-01-01 18:00:00+00:00,0.0,191.0,-191.0,-191.0
2026-01-01 19:00:00+00:00,0.0,149.75,-149.75,-149.75
2026-01-01 20:00:00+00:00,31.25,18.25,13.0,13.0
2026-01-01 21:00:00+00:00,35.5,296.75,-261.25,-261.25
2026-01-01 22:00:00+00:00,0.0,533.75,-533.75,-533.75
2026-01-01 23:00:00+00:00,0.0,458.25,-458.25,-458.25
2026-01-02 00:00:00+00:00,0.0,326.75,-326.75,-326.75
2026-01-02 01:00:00+00:00,0.0,266.25,-266.25,-266.25
2026-01-02 02:00:00+00:00,0.0,259.5,-259.5,-259.5
2026-01-02 03:00:00+00:00,0.0,212.25,-212.25,-212.25
2026-01-02 04:00:00+00:00,0.0,186.5,-186.5,-186.5
2026-01-02 05:00:00+00:00,132.5,120.25,12.25,12.25
2026-01-02 06:00:00+00:00,297.75,89.75,208.0,208.0
2026-01-02 07:00:00+00:00,374.25,0.0,374.25,374.25
2026-01-02 08:00:00+00:00,826.75,0.0,826.75,826.75
2026-01-02 09:00:00+00:00,658.0,0.0,658.0,658.0
2026-01-02 10:00:00+00:00,716.25,0.0,716.25,716.25
2026-01-02 11:00:00+00:00,881.75,0.0,881.75,881.75
2026-01-02 12:00:00+00:00,964.25,0.0,964.25,964.25
2026-01-02 13:00:00+00:00,852.0,0.0,852.0,852.0
2026-01-02 14:00:00+00:00,644.0,0.0,644.0,644.0
2026-01-02 15:00:00+00:00,381.5,0.0,381.5,381.5
2026-01-02 16:00:00+00:00,327.25,0.0,327.25,327.25
2026-01-02 17:00:00+00:00,184.25,0.0,184.25,184.25
2026-01-02 18:00:00+00:00,59.75,0.0,59.75,59.75
2026-01-02 19:00:00+00:00,36.75,326.0,-289.25,-289.25
2026-01-02 20:00:00+00:00,124.5,240.5,-116.0,-116.0
2026-01-02 21:00:00+00:00,0.0,326.25,-326.25,-326.25
2026-01-02 22:00:00+00:00,0.25,84.0,-83.75,-83.75
2026-01-02 23:00:00+00:00,72.25,0.0,72.25,72.25
2026-01-03 00:00:00+00:00,143.5,0.0,143.5,143.5
2026-01-03 01:00:00+00:00,166.75,0.0,166.75,166.75
2026-01-03 02:00:00+00:00,211.0,0.0,211.0,211.0
2026-01-03 03:00:00+00:00,168.25,0.0,168.25,168.25
2026-01-03 04:00:00+00:00,77.75,0.0,77.75,77.75
2026-01-03 05:00:00+00:00,53.75,37.25,16.5,16.5
2026-01-03 06:00:00+00:00,260.5,81.25,179.25,179.25
2026-01-03 07:00:00+00:00,588.25,0.0,588.25,588.25
2026-01-03 08:00:00+00:00,464.0,0.0,464.0,464.0
2026-01-03 09:00:00+00:00,317.25,0.0,317.25,317.25
2026-01-03 10:00:00+00:00,403.25,0.0,403.25,403.25
2026-01-03 11:00:00+00:00,476.75,0.0,476.75,476.75
2026-01-03 12:00:00+00:00,433.5,0.0,433.5,433.5
2026-01-03 13:00:00+00:00,282.25,0.0,282.25,282.25
2026-01-03 14:00:00+00:00,14.5,36.5,-22.0,-22.0
2026-01-03 15:00:00+00:00,172.25,153.5,18.75,18.75
2026-01-03 16:00:00+00:00,174.75,0.0,174.75,174.75
2026-01-03 17:00:00+00:00,112.5,0.0,112.5,112.5
2026-01-03 18:00:00+00:00,93.0,0.0,93.0,93.0
2026-01-03 19:00:00+00:00,181.5,0.0,181.5,181.5
2026-01-03 20:00:00+00:00,239.0,130.75,108.25,108.25
2026-01-03 21:00:00+00:00,169.25,44.25,125.0,125.0
2026-01-03 22:00:00+00:00,122.75,0.0,122.75,122.75
2026-01-03 23:00:00+00:00,211.75,0.0,211.75,211.75
2026-01-04 00:00:00+00:00,370.0,0.0,370.0,370.0
2026-01-04 01:00:00+00:00,481.5,0.0,481.5,481.5
2026-01-04 02:00:00+00:00,535.0,0.0,535.0,535.0
2026-01-04 03:00:00+00:00,562.0,0.0,562.0,562.0
2026-01-04 04:00:00+00:00,522.75,0.0,522.75,522.75
2026-01-04 05:00:00+00:00,452.25,0.0,452.25,452.25
2026-01-04 06:00:00+00:00,355.5,0.0,355.5,355.5
2026-01-04 07:00:00+00:00,398.0,0.0,398.0,398.0
2026-01-04 08:00:00+00:00,341.5,0.0,341.5,341.5
2026-01-04 09:00:00+00:00,377.75,0.0,377.75,377.75
2026-01-04 10:00:00+00:00,404.25,0.0,404.25,404.25
2026-01-04 11:00:00+00:00,395.5,0.0,395.5,395.5
2026-01-04 12:00:00+00:00,364.25,0.0,364.25,364.25
2026-01-04 13:00:00+00:00,296.25,0.0,296.25,296.25
2026-01-04 14:00:00+00:00,303.25,0.0,303.25,303.25
2026-01-04 15:00:00+00:00,247.75,79.25,168.5,168.5
2026-01-04 16:00:00+00:00,274.75,0.0,274.75,274.75
2026-01-04 17:00:00+00:00,288.0,0.0,288.0,288.0
2026-01-04 18:00:00+00:00,240.75,0.0,240.75,240.75
2026-01-04 19:00:00+00:00,261.5,0.0,261.5,261.5
2026-01-04 20:00:00+00:00,258.0,42.0,216.0,216.0
2026-01-04 21:00:00+00:00,242.75,34.25,208.5,208.5
2026-01-04 22:00:00+00:00,81.5,5.25,76.25,76.25
2026-01-04 23:00:00+00:00,119.0,0.0,119.0,119.0
2026-01-05 00:00:00+00:00,201.25,0.0,201.25,201.25
2026-01-05 01:00:00+00:00,214.5,0.0,214.5,214.5
2026-01-05 02:00:00+00:00,165.0,0.0,165.0,165.0
2026-01-05 03:00:00+00:00,54.0,0.0,54.0,54.0
2026-01-05 04:00:00+00:00,0.0,55.25,-55.25,-55.25
2026-01-05 05:00:00+00:00,126.0,154.25,-28.25,-28.25
2026-01-05 06:00:00+00:00,149.75,191.75,-42.0,-42.0
2026-01-05 07:00:00+00:00,331.0,0.0,331.0,331.0
2026-01-05 08:00:00+00:00,492.25,0.0,492.25,492.25
2026-01-05 09:00:00+00:00,625.5,0.0,625.5,625.5
2026-01-05 10:00:00+00:00,775.25,0.0,775.25,775.25
2026-01-05 11:00:00+00:00,377.5,4.5,373.0,373.0
2026-01-05 12:00:00+00:00,0.0,82.25,-82.25,-82.25
2026-01-05 13:00:00+00:00,104.0,166.0,-62.0,-62.0
2026-01-05 14:00:00+00:00,70.25,97.0,-26.75,-26.75
2026-01-05 15:00:00+00:00,0.0,312.5,-312.5,-312.5
2026-01-05 16:00:00+00:00,0.0,617.25,-617.25,-617.25
2026-01-05 17:00:00+00:00,0.0,709.5,-709.5,-709.5
2026-01-05 18:00:00+00:00,0.0,747.0,-747.0,-747.0
2026-01-05 19:00:00+00:00,0.0,627.5,-627.5,-627.5
2026-01-05 20:00:00+00:00,0.0,558.25,-558.25,-558.25
2026-01-05 21:00:00+00:00,0.0,322.5,-322.5,-322.5
2026-01-05 22:00:00+00:00,0.0,662.5,-662.5,-662.5
2026-01-05 23:00:00+00:00,16.0,201.0,-185.0,-185.0
2026-01-06 00:00:00+00:00,0.0,80.75,-80.75,-80.75
2026-01-06 01:00:00+00:00,59.25,0.0,59.25,59.25
2026-01-06 02:00:00+00:00,197.75,0.0,197.75,197.75
2026-01-06 03:00:00+00:00,232.25,0.0,232.25,232.25
2026-01-06 04:00:00+00:00,271.75,0.0,271.75,271.75
2026-01-06 05:00:00+00:00,748.75,0.0,748.75,748.75
2026-01-06 06:00:00+00:00,629.5,0.0,629.5,629.5
2026-01-06 07:00:00+00:00,675.75,0.0,675.75,675.75
2026-01-06 08:00:00+00:00,1031.0,0.0,1031.0,1031.0
2026-01-06 09:00:00+00:00,1155.0,0.0,1155.0,1155.0
2026-01-06 10:00:00+00:00,1098.25,0.0,1098.25,1098.25
2026-01-06 11:00:00+00:00,743.25,0.0,743.25,743.25
2026-01-06 12:00:00+00:00,334.5,0.0,334.5,334.5
2026-01-06 13:00:00+00:00,210.5,0.0,210.5,210.5
2026-01-06 14:00:00+00:00,327.75,0.0,327.75,327.75
2026-01-06 15:00:00+00:00,245.25,0.0,245.25,245.25
2026-01-06 16:00:00+00:00,0.0,159.0,-159.0,-159.0
2026-01-06 17:00:00+00:00,0.0,293.75,-293.75,-293.75
2026-01-06 18:00:00+00:00,0.0,430.75,-430.75,-430.75
2026-01-06 19:00:00+00:00,0.0,715.25,-715.25,-715.25
2026-01-06 20:00:00+00:00,0.0,981.75,-981.75,-981.75
2026-01-06 21:00:00+00:00,0.0,1126.5,-1126.5,-1126.5
2026-01-06 22:00:00+00:00,0.0,919.5,-919.5,-919.5
2026-01-06 23:00:00+00:00,0.0,867.0,-867.0,-867.0
2026-01-07 00:00:00+00:00,0.0,750.0,-750.0,-750.0
2026-01-07 01:00:00+00:00,0.0,680.25,-680.25,-680.25
2026-01-07 02:00:00+00:00,0.0,606.75,-606.75,-606.75
2026-01-07 03:00:00+00:00,0.0,607.0,-607.0,-607.0
2026-01-07 04:00:00+00:00,0.0,625.75,-625.75,-625.75
2026-01-07 05:00:00+00:00,0.25,499.25,-499.0,-499.0
2026-01-07 06:00:00+00:00,0.0,403.0,-403.0,-403.0
2026-01-07 07:00:00+00:00,0.0,222.75,-222.75,-222.75
2026-01-07 08:00:00+00:00,0.0,123.0,-123.0,-123.0
2026-01-07 09:00:00+00:00,40.5,17.5,23.0,23.0
2026-01-07 10:00:00+00:00,0.0,131.75,-131.75,-131.75
2026-01-07 11:00:00+00:00,116.5,0.0,116.5,116.5
2026-01-07 12:00:00+00:00,181.25,0.0,181.25,181.25
2026-01-07 13:00:00+00:00,115.0,0.0,115.0,115.0
2026-01-07 14:00:00+00:00,69.0,0.0,69.0,69.0
2026-01-07 15:00:00+00:00,555.25,0.0,555.25,555.25
2026-01-07 16:00:00+00:00,414.25,0.0,414.25,414.25
2026-01-07 17:00:00+00:00,315.0,0.0,315.0,315.0
2026-01-07 18:00:00+00:00,246.75,0.0,246.75,246.75
2026-01-07 19:00:00+00:00,214.0,117.5,96.5,96.5
2026-01-07 20:00:00+00:00,159.0,127.0,32.0,32.0
2026-01-07 21:00:00+00:00,11.25,61.75,-50.5,-50.5
2026-01-07 22:00:00+00:00,175.75,0.0,175.75,175.75
2026-01-07 23:00:00+00:00,409.5,0.0,409.5,409.5
2026-01-08 00:00:00+00:00,564.75,0.0,564.75,564.75
2026-01-08 01:00:00+00:00,639.5,0.0,639.5,639.5
2026-01-08 02:00:00+00:00,655.0,0.0,655.0,655.0
2026-01-08 03:00:00+00:00,596.0,0.0,596.0,596.0
2026-01-08 04:00:00+00:00,520.25,0.0,520.25,520.25
2026-01-08 05:00:00+00:00,664.25,0.0,664.25,664.25
2026-01-08 06:00:00+00:00,723.25,0.0,723.25,723.25
2026-01-08 07:00:00+00:00,504.5,0.0,504.5,504.5
2026-01-08 08:00:00+00:00,551.75,0.0,551.75,551.75
2026-01-08 09:00:00+00:00,636.0,0.0,636.0,636.0
2026-01-08 10:00:00+00:00,628.25,0.0,628.25,628.25
2026-01-08 11:00:00+00:00,623.5,0.0,623.5,623.5
2026-01-08 12:00:00+00:00,703.0,0.0,703.0,703.0
2026-01-08 13:00:00+00:00,778.5,0.0,778.5,778.5
2026-01-08 14:00:00+00:00,518.75,0.0,518.75,518.75
2026-01-08 15:00:00+00:00,745.75,0.0,745.75,745.75
2026-01-08 16:00:00+00:00,373.0,0.0,373.0,373.0
2026-01-08 17:00:00+00:00,223.0,0.0,223.0,223.0
2026-01-08 18:00:00+00:00,100.5,0.0,100.5,100.5
2026-01-08 19:00:00+00:00,64.5,176.5,-112.0,-112.0
2026-01-08 20:00:00+00:00,168.75,113.25,55.5,55.5
2026-01-08 21:00:00+00:00,0.0,120.5,-120.5,-120.5
2026-01-08 22:00:00+00:00,86.0,4.0,82.0,82.0
2026-01-08 23:00:00+00:00,403.5,0.0,403.5,403.5
2026-01-09 00:00:00+00:00,516.5,0.0,516.5,516.5
2026-01-09 01:00:00+00:00,544.0,0.0,544.0,544.0
2026-01-09 02:00:00+00:00,520.0,0.0,520.0,520.0
2026-01-09 03:00:00+00:00,450.25,0.0,450.25,450.25
2026-01-09 04:00:00+00:00,330.0,0.0,330.0,330.0
2026-01-09 05:00:00+00:00,503.0,0.0,503.0,503.0
2026-01-09 06:00:00+00:00,520.75,0.0,520.75,520.75
2026-01-09 07:00:00+00:00,492.25,0.0,492.25,492.25
2026-01-09 08:00:00+00:00,385.5,0.0,385.5,385.5
2026-01-09 09:00:00+00:00,461.0,0.0,461.0,461.0
2026-01-09 10:00:00+00:00,582.5,0.0,582.5,582.5
2026-01-09 11:00:00+00:00,610.0,0.0,610.0,610.0
2026-01-09 12:00:00+00:00,639.25,0.0,639.25,639.25
2026-01-09 13:00:00+00:00,521.5,0.0,521.5,521.5
2026-01-09 14:00:00+00:00,509.5,0.0,509.5,509.5
2026-01-09 15:00:00+00:00,616.0,0.0,616.0,616.0
2026-01-09 16:00:00+00:00,270.0,0.0,270.0,270.0
2026-01-09 17:00:00+00:00,0.0,284.25,-284.25,-284.25
2026-01-09 18:00:00+00:00,0.0,544.0,-544.0,-544.0
2026-01-09 19:00:00+00:00,0.0,446.5,-446.5,-446.5
2026-01-09 20:00:00+00:00,0.0,278.5,-278.5,-278.5
2026-01-09 21:00:00+00:00,0.0,178.0,-178.0,-178.0
2026-01-09 22:00:00+00:00,63.75,10.25,53.5,53.5
2026-01-09 23:00:00+00:00,317.5,0.0,317.5,317.5
2026-01-10 00:00:00+00:00,511.5,0.0,511.5,511.5
2026-01-10 01:00:00+00:00,620.0,0.0,620.0,620.0
2026-01-10 02:00:00+00:00,710.0,0.0,710.0,710.0
2026-01-10 03:00:00+00:00,734.75,0.0,734.75,734.75
2026-01-10 04:00:00+00:00,646.5,0.0,646.5,646.5
2026-01-10 05:00:00+00:00,497.5,0.0,497.5,497.5
2026-01-10 06:00:00+00:00,494.5,0.0,494.5,494.5
2026-01-10 07:00:00+00:00,326.0,0.0,326.0,326.0
2026-01-10 08:00:00+00:00,653.25,0.0,653.25,653.25
2026-01-10 09:00:00+00:00,893.0,0.0,893.0,893.0
2026-01-10 10:00:00+00:00,961.5,0.0,961.5,961.5
2026-01-10 11:00:00+00:00,1000.25,0.0,1000.25,1000.25
2026-01-10 12:00:00+00:00,1061.5,0.0,1061.5,1061.5
2026-01-10 13:00:00+00:00,867.5,0.0,867.5,867.5
2026-01-10 14:00:00+00:00,456.0,0.0,456.0,456.0
2026-01-10 15:00:00+00:00,49.25,34.5,14.75,14.75
2026-01-10 16:00:00+00:00,580.25,0.0,580.25,580.25
2026-01-10 17:00:00+00:00,517.5,0.0,517.5,517.5
2026-01-10 18:00:00+00:00,499.75,0.0,499.75,499.75
2026-01-10 19:00:00+00:00,244.0,129.5,114.5,114.5
2026-01-10 20:00:00+00:00,0.0,62.75,-62.75,-62.75
2026-01-10 21:00:00+00:00,103.25,0.0,103.25,103.25
2026-01-10 22:00:00+00:00,285.5,0.0,285.5,285.5
2026-01-10 23:00:00+00:00,397.0,0.0,397.0,397.0
2026-01-11 00:00:00+00:00,483.75,0.0,483.75,483.75
2026-01-11 01:00:00+00:00,545.25,0.0,545.25,545.25
2026-01-11 02:00:00+00:00,567.25,0.0,567.25,567.25
2026-01-11 03:00:00+00:00,552.75,0.0,552.75,552.75
2026-01-11 04:00:00+00:00,519.5,0.0,519.5,519.5
2026-01-11 05:00:00+00:00,329.25,0.0,329.25,329.25
2026-01-11 06:00:00+00:00,188.25,0.0,188.25,188.25
2026-01-11 07:00:00+00:00,200.5,0.0,200.5,200.5
2026-01-11 08:00:00+00:00,324.25,0.0,324.25,324.25
2026-01-11 09:00:00+00:00,340.5,0.0,340.5,340.5
2026-01-11 10:00:00+00:00,331.5,0.0,331.5,331.5
2026-01-11 11:00:00+00:00,271.0,0.0,271.0,271.0
2026-01-11 12:00:00+00:00,141.5,0.0,141.5,141.5
2026-01-11 13:00:00+00:00,125.25,0.0,125.25,125.25
2026-01-11 14:00:00+00:00,89.25,16.75,72.5,72.5
2026-01-11 15:00:00+00:00,44.75,289.5,-244.75,-244.75
2026-01-11 16:00:00+00:00,0.0,808.25,-808.25,-808.25
2026-01-11 17:00:00+00:00,0.0,1006.5,-1006.5,-1006.5
2026-01-11 18:00:00+00:00,0.0,828.0,-828.0,-828.0
2026-01-11 19:00:00+00:00,0.0,1076.75,-1076.75,-1076.75
2026-01-11 20:00:00+00:00,0.0,859.25,-859.25,-859.25
2026-01-11 21:00:00+00:00,0.0,791.25,-791.25,-791.25
2026-01-11 22:00:00+00:00,0.0,564.25,-564.25,-564.25
2026-01-11 23:00:00+00:00,0.0,531.0,-531.0,-531.0
2026-01-12 00:00:00+00:00,0.0,347.5,-347.5,-347.5
2026-01-12 01:00:00+00:00,0.0,300.25,-300.25,-300.25
2026-01-12 02:00:00+00:00,0.0,292.75,-292.75,-292.75
2026-01-12 03:00:00+00:00,0.0,368.75,-368.75,-368.75
2026-01-12 04:00:00+00:00,0.0,432.25,-432.25,-432.25
2026-01-12 05:00:00+00:00,0.0,420.5,-420.5,-420.5
2026-01-12 06:00:00+00:00,0.0,547.25,-547.25,-547.25
2026-01-12 07:00:00+00:00,0.0,203.0,-203.0,-203.0
2026-01-12 08:00:00+00:00,120.25,0.0,120.25,120.25
2026-01-12 09:00:00+00:00,253.25,0.0,253.25,253.25
2026-01-12 10:00:00+00:00,0.0,199.0,-199.0,-199.0
2026-01-12 11:00:00+00:00,0.0,445.25,-445.25,-445.25
2026-01-12 12:00:00+00:00,0.0,519.75,-519.75,-519.75
2026-01-12 13:00:00+00:00,0.0,418.5,-418.5,-418.5
2026-01-12 14:00:00+00:00,0.0,471.75,-471.75,-471.75
2026-01-12 15:00:00+00:00,0.0,960.0,-960.0,-960.0
2026-01-12 16:00:00+00:00,0.0,1262.75,-1262.75,-1262.75
2026-01-12 17:00:00+00:00,0.0,1406.25,-1406.25,-1406.25
2026-01-12 18:00:00+00:00,0.0,1513.25,-1513.25,-1513.25
2026-01-12 19:00:00+00:00,0.0,1395.75,-1395.75,-1395.75
2026-01-12 20:00:00+00:00,0.0,1253.25,-1253.25,-1253.25
2026-01-12 21:00:00+00:00,0.0,1456.75,-1456.75,-1456.75
2026-01-12 22:00:00+00:00,0.0,1211.25,-1211.25,-1211.25
2026-01-12 23:00:00+00:00,0.0,1177.25,-1177.25,-1177.25
2026-01-13 00:00:00+00:00,0.0,995.0,-995.0,-995.0
2026-01-13 01:00:00+00:00,0.0,895.75,-895.75,-895.75
2026-01-13 02:00:00+00:00,0.0,814.5,-814.5,-814.5
2026-01-13 03:00:00+00:00,0.0,733.5,-733.5,-733.5
2026-01-13 04:00:00+00:00,0.0,748.75,-748.75,-748.75
2026-01-13 05:00:00+00:00,0.0,612.5,-612.5,-612.5
2026-01-13 06:00:00+00:00,0.0,555.25,-555.25,-555.25
2026-01-13 07:00:00+00:00,0.0,264.25,-264.25,-264.25
2026-01-13 08:00:00+00:00,0.0,813.0,-813.0,-813.0
2026-01-13 09:00:00+00:00,0.0,306.5,-306.5,-306.5
2026-01-13 10:00:00+00:00,0.0,384.75,-384.75,-384.75
2026-01-13 11:00:00+00:00,0.0,292.5,-292.5,-292.5
2026-01-13 12:00:00+00:00,0.0,222.75,-222.75,-222.75
2026-01-13 13:00:00+00:00,129.25,29.25,100.0,100.0
2026-01-13 14:00:00+00:00,83.25,23.75,59.5,59.5
2026-01-13 15:00:00+00:00,0.0,371.5,-371.5,-371.5
2026-01-13 16:00:00+00:00,0.0,733.25,-733.25,-733.25
2026-01-13 17:00:00+00:00,0.0,812.25,-812.25,-812.25
2026-01-13 18:00:00+00:00,0.0,767.0,-767.0,-767.0
2026-01-13 19:00:00+00:00,0.0,784.5,-784.5,-784.5
2026-01-13 20:00:00+00:00,0.0,580.0,-580.0,-580.0
2026-01-13 21:00:00+00:00,0.0,883.25,-883.25,-883.25
2026-01-13 22:00:00+00:00,0.0,640.75,-640.75,-640.75
2026-01-13 23:00:00+00:00,0.0,401.5,-401.5,-401.5
2026-01-14 00:00:00+00:00,0.0,314.75,-314.75,-314.75
2026-01-14 01:00:00+00:00,0.0,268.75,-268.75,-268.75
2026-01-14 02:00:00+00:00,0.0,258.25,-258.25,-258.25
2026-01-14 03:00:00+00:00,0.0,279.0,-279.0,-279.0
2026-01-14 04:00:00+00:00,0.0,350.0,-350.0,-350.0
2026-01-14 05:00:00+00:00,114.75,94.25,20.5,20.5
2026-01-14 06:00:00+00:00,0.25,286.75,-286.5,-286.5
2026-01-14 07:00:00+00:00,54.0,25.5,28.5,28.5
2026-01-14 08:00:00+00:00,65.5,13.0,52.5,52.5
2026-01-14 09:00:00+00:00,243.0,0.0,243.0,243.0
2026-01-14 10:00:00+00:00,193.0,0.0,193.0,193.0
2026-01-14 11:00:00+00:00,282.25,0.0,282.25,282.25
2026-01-14 12:00:00+00:00,436.5,0.0,436.5,436.5
2026-01-14 13:00:00+00:00,474.25,0.0,474.25,474.25
2026-01-14 14:00:00+00:00,190.0,2.0,188.0,188.0
2026-01-14 15:00:00+00:00,330.0,5.5,324.5,324.5
2026-01-14 16:00:00+00:00,202.75,0.0,202.75,202.75
2026-01-14 17:00:00+00:00,0.0,157.0,-157.0,-157.0
2026-01-14 18:00:00+00:00,0.0,801.5,-801.5,-801.5
2026-01-14 19:00:00+00:00,0.0,596.25,-596.25,-596.25
2026-01-14 20:00:00+00:00,0.0,461.25,-461.25,-461.25
2026-01-14 21:00:00+00:00,0.0,562.0,-562.0,-562.0
2026-01-14 22:00:00+00:00,0.0,640.75,-640.75,-640.75
2026-01-14 23:00:00+00:00,0.0,599.5,-599.5,-599.5
2026-01-15 00:00:00+00:00,0.0,472.25,-472.25,-472.25
2026-01-15 01:00:00+00:00,0.0,454.25,-454.25,-454.25
2026-01-15 02:00:00+00:00,0.0,432.25,-432.25,-432.25
2026-01-15 03:00:00+00:00,0.0,461.0,-461.0,-461.0
2026-01-15 04:00:00+00:00,0.0,516.0,-516.0,-516.0
2026-01-15 05:00:00+00:00,0.0,318.25,-318.25,-318.25
2026-01-15 06:00:00+00:00,58.75,351.25,-292.5,-292.5
2026-01-15 07:00:00+00:00,278.5,0.0,278.5,278.5
2026-01-15 08:00:00+00:00,374.25,0.0,374.25,374.25
2026-01-15 09:00:00+00:00,96.5,17.5,79.0,79.0
2026-01-15 10:00:00+00:00,0.0,64.25,-64.25,-64.25
2026-01-15 11:00:00+00:00,0.0,40.5,-40.5,-40.5
2026-01-15 12:00:00+00:00,66.0,4.5,61.5,61.5
2026-01-15 13:00:00+00:00,363.25,0.0,363.25,363.25
2026-01-15 14:00:00+00:00,276.25,0.0,276.25,276.25
2026-01-15 15:00:00+00:00,19.5,75.25,-55.75,-55.75
2026-01-15 16:00:00+00:00,0.0,308.75,-308.75,-308.75
2026-01-15 17:00:00+00:00,0.0,137.25,-137.25,-137.25
2026-01-15 18:00:00+00:00,0.0,259.0,-259.0,-259.0
2026-01-15 19:00:00+00:00,0.0,341.75,-341.75,-341.75
2026-01-15 20:00:00+00:00,0.0,550.25,-550.25,-550.25
2026-01-15 21:00:00+00:00,0.0,355.5,-355.5,-355.5
2026-01-15 22:00:00+00:00,0.0,486.0,-486.0,-486.0
2026-01-15 23:00:00+00:00,0.0,543.5,-543.5,-543.5
2026-01-16 00:00:00+00:00,0.0,503.5,-503.5,-503.5
2026-01-16 01:00:00+00:00,0.0,508.25,-508.25,-508.25
2026-01-16 02:00:00+00:00,0.0,559.0,-559.0,-559.0
2026-01-16 03:00:00+00:00,0.0,614.5,-614.5,-614.5
2026-01-16 04:00:00+00:00,0.0,645.0,-645.0,-645.0
2026-01-16 05:00:00+00:00,20.75,204.5,-183.75,-183.75
2026-01-16 06:00:00+00:00,65.5,331.0,-265.5,-265.5
2026-01-16 07:00:00+00:00,75.0,61.0,14.0,14.0
2026-01-16 08:00:00+00:00,43.0,70.5,-27.5,-27.5
2026-01-16 09:00:00+00:00,8.25,71.75,-63.5,-63.5
2026-01-16 10:00:00+00:00,0.0,53.25,-53.25,-53.25
2026-01-16 11:00:00+00:00,133.0,0.0,133.0,133.0
2026-01-16 12:00:00+00:00,41.25,16.25,25.0,25.0
2026-01-16 13:00:00+00:00,0.0,246.5,-246.5,-246.5
2026-01-16 14:00:00+00:00,0.0,216.75,-216.75,-216.75
2026-01-16 15:00:00+00:00,0.0,233.75,-233.75,-233.75
2026-01-16 16:00:00+00:00,0.0,256.75,-256.75,-256.75
2026-01-16 17:00:00+00:00,0.0,381.0,-381.0,-381.0
2026-01-16 18:00:00+00:00,0.0,516.75,-516.75,-516.75
2026-01-16 19:00:00+00:00,0.0,877.0,-877.0,-877.0
2026-01-16 20:00:00+00:00,0.0,679.75,-679.75,-679.75
2026-01-16 21:00:00+00:00,0.0,852.5,-852.5,-852.5
2026-01-16 22:00:00+00:00,0.0,725.0,-725.0,-725.0
2026-01-16 23:00:00+00:00,0.0,309.75,-309.75,-309.75
2026-01-17 00:00:00+00:00,0.0,199.5,-199.5,-199.5
2026-01-17 01:00:00+00:00,0.0,192.25,-192.25,-192.25
2026-01-17 02:00:00+00:00,0.0,263.5,-263.5,-263.5
2026-01-17 03:00:00+00:00,0.0,339.0,-339.0,-339.0
2026-01-17 04:00:00+00:00,0.0,438.0,-438.0,-438.0
2026-01-17 05:00:00+00:00,0.0,640.75,-640.75,-640.75
2026-01-17 06:00:00+00:00,0.0,808.75,-808.75,-808.75
2026-01-17 07:00:00+00:00,0.0,561.5,-561.5,-561.5
2026-01-17 08:00:00+00:00,41.75,171.5,-129.75,-129.75
2026-01-17 09:00:00+00:00,10.0,212.25,-202.25,-202.25
2026-01-17 10:00:00+00:00,0.0,201.5,-201.5,-201.5
2026-01-17 11:00:00+00:00,0.0,215.0,-215.0,-215.0
2026-01-17 12:00:00+00:00,0.0,271.75,-271.75,-271.75
2026-01-17 13:00:00+00:00,0.0,446.25,-446.25,-446.25
2026-01-17 14:00:00+00:00,0.0,551.0,-551.0,-551.0
2026-01-17 15:00:00+00:00,0.0,559.0,-559.0,-559.0
2026-01-17 16:00:00+00:00,0.0,483.75,-483.75,-483.75
2026-01-17 17:00:00+00:00,0.0,625.25,-625.25,-625.25
2026-01-17 18:00:00+00:00,0.0,660.25,-660.25,-660.25
2026-01-17 19:00:00+00:00,0.0,829.0,-829.0,-829.0
2026-01-17 20:00:00+00:00,0.0,657.75,-657.75,-657.75
2026-01-17 21:00:00+00:00,0.0,775.5,-775.5,-775.5
2026-01-17 22:00:00+00:00,0.0,574.75,-574.75,-574.75
2026-01-17 23:00:00+00:00,12.75,227.5,-214.75,-214.75
2026-01-18 00:00:00+00:00,0.0,135.5,-135.5,-135.5
2026-01-18 01:00:00+00:00,0.0,49.5,-49.5,-49.5
2026-01-18 02:00:00+00:00,31.75,0.0,31.75,31.75
2026-01-18 03:00:00+00:00,33.0,0.0,33.0,33.0
2026-01-18 04:00:00+00:00,24.0,0.0,24.0,24.0
2026-01-18 05:00:00+00:00,20.0,15.0,5.0,5.0
2026-01-18 06:00:00+00:00,0.0,53.5,-53.5,-53.5
2026-01-18 07:00:00+00:00,0.0,69.75,-69.75,-69.75
2026-01-18 08:00:00+00:00,671.25,0.0,671.25,671.25
2026-01-18 09:00:00+00:00,658.25,0.0,658.25,658.25
2026-01-18 10:00:00+00:00,763.0,0.0,763.0,763.0
2026-01-18 11:00:00+00:00,635.5,0.0,635.5,635.5
2026-01-18 12:00:00+00:00,198.5,0.0,198.5,198.5
2026-01-18 13:00:00+00:00,56.25,0.0,56.25,56.25
2026-01-18 14:00:00+00:00,170.5,35.5,135.0,135.0
2026-01-18 15:00:00+00:00,75.25,158.25,-83.0,-83.0
2026-01-18 16:00:00+00:00,135.5,22.5,113.0,113.0
2026-01-18 17:00:00+00:00,150.75,0.0,150.75,150.75
2026-01-18 18:00:00+00:00,165.0,0.0,165.0,165.0
2026-01-18 19:00:00+00:00,49.0,238.0,-189.0,-189.0
2026-01-18 20:00:00+00:00,0.0,239.75,-239.75,-239.75
2026-01-18 21:00:00+00:00,94.5,21.5,73.0,73.0
2026-01-18 22:00:00+00:00,276.75,0.0,276.75,276.75
2026-01-18 23:00:00+00:00,290.0,0.0,290.0,290.0
2026-01-19 00:00:00+00:00,509.0,0.0,509.0,509.0
2026-01-19 01:00:00+00:00,595.25,0.0,595.25,595.25
2026-01-19 02:00:00+00:00,622.25,0.0,622.25,622.25
2026-01-19 03:00:00+00:00,654.25,0.0,654.25,654.25
2026-01-19 04:00:00+00:00,654.25,0.0,654.25,654.25
2026-01-19 05:00:00+00:00,808.5,0.0,808.5,808.5
2026-01-19 06:00:00+00:00,680.0,0.0,680.0,680.0
2026-01-19 07:00:00+00:00,866.25,0.0,866.25,866.25
2026-01-19 08:00:00+00:00,699.75,0.0,699.75,699.75
2026-01-19 09:00:00+00:00,328.5,0.0,328.5,328.5
2026-01-19 10:00:00+00:00,198.75,0.0,198.75,198.75
2026-01-19 11:00:00+00:00,161.25,0.0,161.25,161.25
2026-01-19 12:00:00+00:00,146.75,0.0,146.75,146.75
2026-01-19 13:00:00+00:00,36.5,17.25,19.25,19.25
2026-01-19 14:00:00+00:00,0.0,69.25,-69.25,-69.25
2026-01-19 15:00:00+00:00,409.25,0.0,409.25,409.25
2026-01-19 16:00:00+00:00,210.5,45.5,165.0,165.0
2026-01-19 17:00:00+00:00,195.25,0.0,195.25,195.25
2026-01-19 18:00:00+00:00,178.5,0.0,178.5,178.5
2026-01-19 19:00:00+00:00,79.5,108.0,-28.5,-28.5
2026-01-19 20:00:00+00:00,0.0,224.25,-224.25,-224.25
2026-01-19 21:00:00+00:00,0.0,112.75,-112.75,-112.75
2026-01-19 22:00:00+00:00,114.0,5.75,108.25,108.25
2026-01-19 23:00:00+00:00,326.25,0.0,326.25,326.25
2026-01-20 00:00:00+00:00,473.25,0.0,473.25,473.25
2026-01-20 01:00:00+00:00,560.5,0.0,560.5,560.5
2026-01-20 02:00:00+00:00,577.5,0.0,577.5,577.5
2026-01-20 03:00:00+00:00,528.75,0.0,528.75,528.75
2026-01-20 04:00:00+00:00,429.0,0.0,429.0,429.0
2026-01-20 05:00:00+00:00,217.75,0.0,217.75,217.75
2026-01-20 06:00:00+00:00,233.5,1.0,232.5,232.5
2026-01-20 07:00:00+00:00,78.0,24.75,53.25,53.25
2026-01-20 08:00:00+00:00,0.0,306.25,-306.25,-306.25
2026-01-20 09:00:00+00:00,0.0,278.5,-278.5,-278.5
2026-01-20 10:00:00+00:00,0.0,259.75,-259.75,-259.75
2026-01-20 11:00:00+00:00,0.0,231.5,-231.5,-231.5
2026-01-20 12:00:00+00:00,0.0,284.25,-284.25,-284.25
2026-01-20 13:00:00+00:00,0.0,343.0,-343.0,-343.0
2026-01-20 14:00:00+00:00,0.0,366.75,-366.75,-366.75
2026-01-20 15:00:00+00:00,18.5,55.25,-36.75,-36.75
2026-01-20 16:00:00+00:00,104.5,26.25,78.25,78.25
2026-01-20 17:00:00+00:00,0.0,95.25,-95.25,-95.25
2026-01-20 18:00:00+00:00,0.0,66.75,-66.75,-66.75
2026-01-20 19:00:00+00:00,0.0,396.0,-396.0,-396.0
2026-01-20 20:00:00+00:00,0.0,670.0,-670.0,-670.0
2026-01-20 21:00:00+00:00,0.0,591.25,-591.25,-591.25
2026-01-20 22:00:00+00:00,0.0,439.0,-439.0,-439.0
2026-01-20 23:00:00+00:00,0.0,149.5,-149.5,-149.5
2026-01-21 00:00:00+00:00,0.0,148.75,-148.75,-148.75
2026-01-21 01:00:00+00:00,0.0,244.75,-244.75,-244.75
2026-01-21 02:00:00+00:00,0.0,369.25,-369.25,-369.25
2026-01-21 03:00:00+00:00,0.0,540.0,-540.0,-540.0
2026-01-21 04:00:00+00:00,0.0,635.75,-635.75,-635.75
2026-01-21 05:00:00+00:00,0.0,948.0,-948.0,-948.0
2026-01-21 06:00:00+00:00,0.0,1119.25,-1119.25,-1119.25
2026-01-21 07:00:00+00:00,0.0,703.25,-703.25,-703.25
2026-01-21 08:00:00+00:00,0.0,979.25,-979.25,-979.25
2026-01-21 09:00:00+00:00,0.0,463.75,-463.75,-463.75
2026-01-21 10:00:00+00:00,0.0,535.25,-535.25,-535.25
2026-01-21 11:00:00+00:00,0.0,1020.5,-1020.5,-1020.5
2026-01-21 12:00:00+00:00,0.0,1076.25,-1076.25,-1076.25
2026-01-21 13:00:00+00:00,0.0,855.75,-855.75,-855.75
2026-01-21 14:00:00+00:00,0.0,703.0,-703.0,-703.0
2026-01-21 15:00:00+00:00,0.0,894.5,-894.5,-894.5
2026-01-21 16:00:00+00:00,0.0,1147.5,-1147.5,-1147.5
2026-01-21 17:00:00+00:00,0.0,1229.75,-1229.75,-1229.75
2026-01-21 18:00:00+00:00,0.0,1325.25,-1325.25,-1325.25
2026-01-21 19:00:00+00:00,0.0,1251.0,-1251.0,-1251.0
2026-01-21 20:00:00+00:00,0.0,1036.75,-1036.75,-1036.75
2026-01-21 21:00:00+00:00,0.0,911.0,-911.0,-911.0
2026-01-21 22:00:00+00:00,0.0,1137.0,-1137.0,-1137.0
2026-01-21 23:00:00+00:00,0.0,1183.5,-1183.5,-1183.5
2026-01-22 00:00:00+00:00,0.0,970.5,-970.5,-970.5
2026-01-22 01:00:00+00:00,0.0,882.0,-882.0,-882.0
2026-01-22 02:00:00+00:00,0.0,887.0,-887.0,-887.0
2026-01-22 03:00:00+00:00,0.0,830.75,-830.75,-830.75
2026-01-22 04:00:00+00:00,0.0,772.75,-772.75,-772.75
2026-01-22 05:00:00+00:00,0.0,423.5,-423.5,-423.5
2026-01-22 06:00:00+00:00,0.0,557.5,-557.5,-557.5
2026-01-22 07:00:00+00:00,0.0,260.75,-260.75,-260.75
2026-01-22 08:00:00+00:00,0.0,383.25,-383.25,-383.25
2026-01-22 09:00:00+00:00,0.0,407.25,-407.25,-407.25
2026-01-22 10:00:00+00:00,0.0,329.0,-329.0,-329.0
2026-01-22 11:00:00+00:00,62.0,26.25,35.75,35.75
2026-01-22 12:00:00+00:00,145.5,0.0,145.5,145.5
2026-01-22 13:00:00+00:00,54.25,10.0,44.25,44.25
2026-01-22 14:00:00+00:00,0.0,240.75,-240.75,-240.75
2026-01-22 15:00:00+00:00,0.0,482.25,-482.25,-482.25
2026-01-22 16:00:00+00:00,0.0,709.0,-709.0,-709.0
2026-01-22 17:00:00+00:00,0.0,780.0,-780.0,-780.0
2026-01-22 18:00:00+00:00,0.0,691.25,-691.25,-691.25
2026-01-22 19:00:00+00:00,0.0,914.5,-914.5,-914.5
2026-01-22 20:00:00+00:00,0.0,578.0,-578.0,-578.0
2026-01-22 21:00:00+00:00,0.0,532.25,-532.25,-532.25
2026-01-22 22:00:00+00:00,0.0,397.25,-397.25,-397.25
2026-01-22 23:00:00+00:00,9.5,527.75,-518.25,-518.25
2026-01-23 00:00:00+00:00,0.0,646.75,-646.75,-646.75
2026-01-23 01:00:00+00:00,0.0,702.5,-702.5,-702.5
2026-01-23 02:00:00+00:00,0.0,772.75,-772.75,-772.75
2026-01-23 03:00:00+00:00,0.0,847.0,-847.0,-847.0
2026-01-23 04:00:00+00:00,0.0,941.75,-941.75,-941.75
2026-01-23 05:00:00+00:00,0.0,431.75,-431.75,-431.75
2026-01-23 06:00:00+00:00,0.0,389.25,-389.25,-389.25
2026-01-23 07:00:00+00:00,0.0,207.0,-207.0,-207.0
2026-01-23 08:00:00+00:00,6.0,64.5,-58.5,-58.5
2026-01-23 09:00:00+00:00,126.5,0.0,126.5,126.5
2026-01-23 10:00:00+00:00,0.0,76.5,-76.5,-76.5
2026-01-23 11:00:00+00:00,27.5,6.5,21.0,21.0
2026-01-23 12:00:00+00:00,17.5,0.25,17.25,17.25
2026-01-23 13:00:00+00:00,72.25,15.0,57.25,57.25
2026-01-23 14:00:00+00:00,34.25,87.75,-53.5,-53.5
2026-01-23 15:00:00+00:00,0.0,219.5,-219.5,-219.5
2026-01-23 16:00:00+00:00,0.0,760.25,-760.25,-760.25
2026-01-23 17:00:00+00:00,0.0,887.75,-887.75,-887.75
2026-01-23 18:00:00+00:00,0.0,1183.0,-1183.0,-1183.0
2026-01-23 19:00:00+00:00,0.0,1080.5,-1080.5,-1080.5
2026-01-23 20:00:00+00:00,0.0,690.0,-690.0,-690.0
2026-01-23 21:00:00+00:00,0.0,912.75,-912.75,-912.75
2026-01-23 22:00:00+00:00,0.0,837.0,-837.0,-837.0
2026-01-23 23:00:00+00:00,40.75,207.5,-166.75,-166.75
2026-01-24 00:00:00+00:00,0.0,309.75,-309.75,-309.75
2026-01-24 01:00:00+00:00,0.0,185.25,-185.25,-185.25
2026-01-24 02:00:00+00:00,0.0,142.5,-142.5,-142.5
2026-01-24 03:00:00+00:00,0.0,109.25,-109.25,-109.25
2026-01-24 04:00:00+00:00,0.0,192.25,-192.25,-192.25
2026-01-24 05:00:00+00:00,31.5,235.5,-204.0,-204.0
2026-01-24 06:00:00+00:00,122.75,106.25,16.5,16.5
2026-01-24 07:00:00+00:00,301.0,0.0,301.0,301.0
2026-01-24 08:00:00+00:00,185.75,6.5,179.25,179.25
2026-01-24 09:00:00+00:00,0.0,166.0,-166.0,-166.0
2026-01-24 10:00:00+00:00,94.75,0.0,94.75,94.75
2026-01-24 11:00:00+00:00,89.25,0.0,89.25,89.25
2026-01-24 12:00:00+00:00,40.75,0.0,40.75,40.75
2026-01-24 13:00:00+00:00,42.75,10.0,32.75,32.75
2026-01-24 14:00:00+00:00,191.0,111.0,80.0,80.0
2026-01-24 15:00:00+00:00,3.0,246.5,-243.5,-243.5
2026-01-24 16:00:00+00:00,0.0,279.25,-279.25,-279.25
2026-01-24 17:00:00+00:00,0.0,378.25,-378.25,-378.25
2026-01-24 18:00:00+00:00,0.0,441.5,-441.5,-441.5
2026-01-24 19:00:00+00:00,0.0,595.75,-595.75,-595.75
2026-01-24 20:00:00+00:00,0.0,1039.25,-1039.25,-1039.25
2026-01-24 21:00:00+00:00,0.0,839.25,-839.25,-839.25
2026-01-24 22:00:00+00:00,0.0,600.75,-600.75,-600.75
2026-01-24 23:00:00+00:00,0.0,112.25,-112.25,-112.25
2026-01-25 00:00:00+00:00,0.0,85.5,-85.5,-85.5
2026-01-25 01:00:00+00:00,0.0,140.25,-140.25,-140.25
2026-01-25 02:00:00+00:00,0.0,220.0,-220.0,-220.0
2026-01-25 03:00:00+00:00,0.0,349.75,-349.75,-349.75
2026-01-25 04:00:00+00:00,0.0,489.25,-489.25,-489.25
2026-01-25 05:00:00+00:00,0.0,633.0,-633.0,-633.0
2026-01-25 06:00:00+00:00,0.0,767.75,-767.75,-767.75
2026-01-25 07:00:00+00:00,0.0,817.5,-817.5,-817.5
2026-01-25 08:00:00+00:00,0.0,740.0,-740.0,-740.0
2026-01-25 09:00:00+00:00,0.0,585.5,-585.5,-585.5
2026-01-25 10:00:00+00:00,0.0,381.5,-381.5,-381.5
2026-01-25 11:00:00+00:00,0.0,247.5,-247.5,-247.5
2026-01-25 12:00:00+00:00,0.0,192.75,-192.75,-192.75
2026-01-25 13:00:00+00:00,0.0,97.25,-97.25,-97.25
2026-01-25 14:00:00+00:00,0.0,126.75,-126.75,-126.75
2026-01-25 15:00:00+00:00,0.0,320.25,-320.25,-320.25
2026-01-25 16:00:00+00:00,12.5,298.0,-285.5,-285.5
2026-01-25 17:00:00+00:00,11.25,121.25,-110.0,-110.0
2026-01-25 18:00:00+00:00,0.0,74.75,-74.75,-74.75
2026-01-25 19:00:00+00:00,0.0,572.75,-572.75,-572.75
2026-01-25 20:00:00+00:00,0.0,722.0,-722.0,-722.0
2026-01-25 21:00:00+00:00,0.0,594.25,-594.25,-594.25
2026-01-25 22:00:00+00:00,0.0,415.25,-415.25,-415.25
2026-01-25 23:00:00+00:00,0.0,254.75,-254.75,-254.75
2026-01-26 00:00:00+00:00,0.0,406.5,-406.5,-406.5
2026-01-26 01:00:00+00:00,0.0,85.0,-85.0,-85.0
2026-01-26 02:00:00+00:00,0.0,81.0,-81.0,-81.0
2026-01-26 03:00:00+00:00,0.0,332.75,-332.75,-332.75
2026-01-26 04:00:00+00:00,31.25,11.75,19.5,19.5
2026-01-26 05:00:00+00:00,254.5,37.75,216.75,216.75
2026-01-26 06:00:00+00:00,196.0,26.5,169.5,169.5
2026-01-26 07:00:00+00:00,166.5,0.0,166.5,166.5
2026-01-26 08:00:00+00:00,94.0,11.75,82.25,82.25
2026-01-26 09:00:00+00:00,0.0,196.75,-196.75,-196.75
2026-01-26 10:00:00+00:00,0.0,205.0,-205.0,-205.0
2026-01-26 11:00:00+00:00,42.0,88.0,-46.0,-46.0
2026-01-26 12:00:00+00:00,33.0,22.0,11.0,11.0
2026-01-26 13:00:00+00:00,263.75,0.0,263.75,263.75
2026-01-26 14:00:00+00:00,230.25,0.0,230.25,230.25
2026-01-26 15:00:00+00:00,37.5,59.5,-22.0,-22.0
2026-01-26 16:00:00+00:00,0.0,266.5,-266.5,-266.5
2026-01-26 17:00:00+00:00,0.0,424.25,-424.25,-424.25
2026-01-26 18:00:00+00:00,0.0,414.5,-414.5,-414.5
2026-01-26 19:00:00+00:00,0.0,484.0,-484.0,-484.0
2026-01-26 20:00:00+00:00,0.0,435.0,-435.0,-435.0
2026-01-26 21:00:00+00:00,0.0,468.75,-468.75,-468.75
2026-01-26 22:00:00+00:00,0.0,261.75,-261.75,-261.75
2026-01-26 23:00:00+00:00,0.0,102.0,-102.0,-102.0
2026-01-27 00:00:00+00:00,87.5,0.0,87.5,87.5
2026-01-27 01:00:00+00:00,136.75,0.0,136.75,136.75
2026-01-27 02:00:00+00:00,144.25,0.0,144.25,144.25
2026-01-27 03:00:00+00:00,50.75,0.0,50.75,50.75
2026-01-27 04:00:00+00:00,40.5,0.0,40.5,40.5
2026-01-27 05:00:00+00:00,70.5,111.25,-40.75,-40.75
2026-01-27 06:00:00+00:00,45.75,36.0,9.75,9.75
2026-01-27 07:00:00+00:00,19.25,28.5,-9.25,-9.25
2026-01-27 08:00:00+00:00,88.5,0.0,88.5,88.5
2026-01-27 09:00:00+00:00,0.0,568.25,-568.25,-568.25
2026-01-27 10:00:00+00:00,0.0,535.0,-535.0,-535.0
2026-01-27 11:00:00+00:00,0.0,474.0,-474.0,-474.0
2026-01-27 12:00:00+00:00,0.0,462.25,-462.25,-462.25
2026-01-27 13:00:00+00:00,0.0,565.25,-565.25,-565.25
2026-01-27 14:00:00+00:00,0.0,896.25,-896.25,-896.25
2026-01-27 15:00:00+00:00,0.0,658.5,-658.5,-658.5
2026-01-27 16:00:00+00:00,0.0,1110.75,-1110.75,-1110.75
2026-01-27 17:00:00+00:00,0.0,1258.5,-1258.5,-1258.5
2026-01-27 18:00:00+00:00,0.0,1239.0,-1239.0,-1239.0
2026-01-27 19:00:00+00:00,0.0,1157.25,-1157.25,-1157.25
2026-01-27 20:00:00+00:00,0.0,1123.0,-1123.0,-1123.0
2026-01-27 21:00:00+00:00,0.0,998.0,-998.0,-998.0
2026-01-27 22:00:00+00:00,0.0,545.75,-545.75,-545.75
2026-01-27 23:00:00+00:00,2.5,66.5,-64.0,-64.0
2026-01-28 00:00:00+00:00,115.75,0.0,115.75,115.75
2026-01-28 01:00:00+00:00,212.25,0.0,212.25,212.25
2026-01-28 02:00:00+00:00,285.75,0.0,285.75,285.75
2026-01-28 03:00:00+00:00,325.75,0.0,325.75,325.75
2026-01-28 04:00:00+00:00,196.75,0.0,196.75,196.75
2026-01-28 05:00:00+00:00,23.25,29.5,-6.25,-6.25
2026-01-28 06:00:00+00:00,123.25,210.25,-87.0,-87.0
2026-01-28 07:00:00+00:00,200.5,0.0,200.5,200.5
2026-01-28 08:00:00+00:00,139.25,34.5,104.75,104.75
2026-01-28 09:00:00+00:00,81.75,16.75,65.0,65.0
2026-01-28 10:00:00+00:00,253.0,0.0,253.0,253.0
2026-01-28 11:00:00+00:00,436.75,0.0,436.75,436.75
2026-01-28 12:00:00+00:00,453.0,0.0,453.0,453.0
2026-01-28 13:00:00+00:00,400.25,0.0,400.25,400.25
2026-01-28 14:00:00+00:00,87.75,13.25,74.5,74.5
2026-01-28 15:00:00+00:00,0.0,593.25,-593.25,-593.25
2026-01-28 16:00:00+00:00,0.0,861.0,-861.0,-861.0
2026-01-28 17:00:00+00:00,0.0,812.25,-812.25,-812.25
2026-01-28 18:00:00+00:00,0.0,655.0,-655.0,-655.0
2026-01-28 19:00:00+00:00,0.0,791.25,-791.25,-791.25
2026-01-28 20:00:00+00:00,0.0,686.0,-686.0,-686.0
2026-01-28 21:00:00+00:00,0.0,267.75,-267.75,-267.75
2026-01-28 22:00:00+00:00,124.0,0.0,124.0,124.0
2026-01-28 23:00:00+00:00,317.0,0.0,317.0,317.0
2026-01-29 00:00:00+00:00,546.5,0.0,546.5,546.5
2026-01-29 01:00:00+00:00,627.5,0.0,627.5,627.5
2026-01-29 02:00:00+00:00,697.0,0.0,697.0,697.0
2026-01-29 03:00:00+00:00,748.25,0.0,748.25,748.25
2026-01-29 04:00:00+00:00,765.5,0.0,765.5,765.5
2026-01-29 05:00:00+00:00,900.25,0.0,900.25,900.25
2026-01-29 06:00:00+00:00,906.0,0.0,906.0,906.0
2026-01-29 07:00:00+00:00,1066.5,0.0,1066.5,1066.5
2026-01-29 08:00:00+00:00,1120.5,0.0,1120.5,1120.5
2026-01-29 09:00:00+00:00,939.75,0.0,939.75,939.75
2026-01-29 10:00:00+00:00,923.25,0.0,923.25,923.25
2026-01-29 11:00:00+00:00,1034.5,0.0,1034.5,1034.5
2026-01-29 12:00:00+00:00,1023.75,0.0,1023.75,1023.75
2026-01-29 13:00:00+00:00,888.75,0.0,888.75,888.75
2026-01-29 14:00:00+00:00,613.75,0.0,613.75,613.75
2026-01-29 15:00:00+00:00,663.25,0.0,663.25,663.25
2026-01-29 16:00:00+00:00,286.0,0.0,286.0,286.0
2026-01-29 17:00:00+00:00,62.5,14.25,48.25,48.25
2026-01-29 18:00:00+00:00,0.0,114.25,-114.25,-114.25
2026-01-29 19:00:00+00:00,0.0,302.5,-302.5,-302.5
2026-01-29 20:00:00+00:00,0.0,407.0,-407.0,-407.0
2026-01-29 21:00:00+00:00,0.0,499.5,-499.5,-499.5
2026-01-29 22:00:00+00:00,0.0,302.0,-302.0,-302.0
2026-01-29 23:00:00+00:00,0.0,359.5,-359.5,-359.5
2026-01-30 00:00:00+00:00,0.0,309.5,-309.5,-309.5
2026-01-30 01:00:00+00:00,0.0,302.75,-302.75,-302.75
2026-01-30 02:00:00+00:00,0.0,354.25,-354.25,-354.25
2026-01-30 03:00:00+00:00,0.0,447.25,-447.25,-447.25
2026-01-30 04:00:00+00:00,0.0,522.0,-522.0,-522.0
2026-01-30 05:00:00+00:00,5.5,352.0,-346.5,-346.5
2026-01-30 06:00:00+00:00,0.0,328.0,-328.0,-328.0
2026-01-30 07:00:00+00:00,0.0,255.25,-255.25,-255.25
2026-01-30 08:00:00+00:00,0.0,238.25,-238.25,-238.25
2026-01-30 09:00:00+00:00,0.0,523.5,-523.5,-523.5
2026-01-30 10:00:00+00:00,0.0,171.25,-171.25,-171.25
2026-01-30 11:00:00+00:00,245.5,0.0,245.5,245.5
2026-01-30 12:00:00+00:00,460.25,0.0,460.25,460.25
2026-01-30 13:00:00+00:00,583.5,0.0,583.5,583.5
2026-01-30 14:00:00+00:00,1022.25,0.0,1022.25,1022.25
2026-01-30 15:00:00+00:00,702.75,0.0,702.75,702.75
2026-01-30 16:00:00+00:00,266.5,0.0,266.5,266.5
2026-01-30 17:00:00+00:00,121.25,0.0,121.25,121.25
2026-01-30 18:00:00+00:00,0.0,33.5,-33.5,-33.5
2026-01-30 19:00:00+00:00,0.0,76.0,-76.0,-76.0
2026-01-30 20:00:00+00:00,15.0,260.5,-245.5,-245.5
2026-01-30 21:00:00+00:00,0.0,443.0,-443.0,-443.0
2026-01-30 22:00:00+00:00,0.0,260.5,-260.5,-260.5
2026-01-30 23:00:00+00:00,15.75,214.75,-199.0,-199.0
2026-01-31 00:00:00+00:00,0.0,304.0,-304.0,-304.0
2026-01-31 01:00:00+00:00,0.0,363.75,-363.75,-363.75
2026-01-31 02:00:00+00:00,0.0,461.5,-461.5,-461.5
2026-01-31 03:00:00+00:00,0.0,614.5,-614.5,-614.5
2026-01-31 04:00:00+00:00,0.0,735.25,-735.25,-735.25
2026-01-31 05:00:00+00:00,0.0,861.5,-861.5,-861.5
2026-01-31 06:00:00+00:00,0.0,740.25,-740.25,-740.25
2026-01-31 07:00:00+00:00,0.0,95.75,-95.75,-95.75
2026-01-31 08:00:00+00:00,44.75,164.25,-119.5,-119.5
2026-01-31 09:00:00+00:00,0.0,353.25,-353.25,-353.25
2026-01-31 10:00:00+00:00,0.0,384.0,-384.0,-384.0
2026-01-31 11:00:00+00:00,0.0,497.25,-497.25,-497.25
2026-01-31 12:00:00+00:00,0.0,582.0,-582.0,-582.0
2026-01-31 13:00:00+00:00,0.0,695.75,-695.75,-695.75
2026-01-31 14:00:00+00:00,0.0,874.0,-874.0,-874.0
2026-01-31 15:00:00+00:00,0.0,771.25,-771.25,-771.25
2026-01-31 16:00:00+00:00,0.0,537.25,-537.25,-537.25
2026-01-31 17:00:00+00:00,0.0,741.0,-741.0,-741.0
2026-01-31 18:00:00+00:00,0.0,843.5,-843.5,-843.5
2026-01-31 19:00:00+00:00,0.0,1143.0,-1143.0,-1143.0
2026-01-31 20:00:00+00:00,0.0,1369.75,-1369.75,-1369.75
2026-01-31 21:00:00+00:00,0.0,1233.0,-1233.0,-1233.0
2026-01-31 22:00:00+00:00,0.0,940.5,-940.5,-940.5
2026-01-31 23:00:00+00:00,55.25,272.75,-217.5,-217.5
2026-02-01 00:00:00+00:00,0.0,181.0,-181.0,-181.0
2026-02-01 01:00:00+00:00,95.25,0.0,95.25,95.25
2026-02-01 02:00:00+00:00,275.25,0.0,275.25,275.25
2026-02-01 03:00:00+00:00,372.75,0.0,372.75,372.75
2026-02-01 04:00:00+00:00,399.25,0.0,399.25,399.25
2026-02-01 05:00:00+00:00,372.75,0.0,372.75,372.75
2026-02-01 06:00:00+00:00,409.75,0.0,409.75,409.75
2026-02-01 07:00:00+00:00,414.25,0.0,414.25,414.25
2026-02-01 08:00:00+00:00,450.0,0.0,450.0,450.0
2026-02-01 09:00:00+00:00,608.75,0.0,608.75,608.75
2026-02-01 10:00:00+00:00,703.0,0.0,703.0,703.0
2026-02-01 11:00:00+00:00,757.0,0.0,757.0,757.0
2026-02-01 12:00:00+00:00,705.75,0.0,705.75,705.75
2026-02-01 13:00:00+00:00,694.75,0.0,694.75,694.75
2026-02-01 14:00:00+00:00,359.0,0.0,359.0,359.0
2026-02-01 15:00:00+00:00,19.0,101.5,-82.5,-82.5
2026-02-01 16:00:00+00:00,0.0,445.25,-445.25,-445.25
2026-02-01 17:00:00+00:00,0.0,171.75,-171.75,-171.75
2026-02-01 18:00:00+00:00,0.0,278.75,-278.75,-278.75
2026-02-01 19:00:00+00:00,0.0,576.0,-576.0,-576.0
2026-02-01 20:00:00+00:00,0.0,644.75,-644.75,-644.75
2026-02-01 21:00:00+00:00,0.0,848.75,-848.75,-848.75
2026-02-01 22:00:00+00:00,0.0,578.5,-578.5,-578.5
2026-02-01 23:00:00+00:00,0.0,445.25,-445.25,-445.25
2026-02-02 00:00:00+00:00,0.0,342.5,-342.5,-342.5
2026-02-02 01:00:00+00:00,0.0,301.25,-301.25,-301.25
2026-02-02 02:00:00+00:00,0.0,357.0,-357.0,-357.0
2026-02-02 03:00:00+00:00,0.0,420.25,-420.25,-420.25
2026-02-02 04:00:00+00:00,0.0,563.0,-563.0,-563.0
2026-02-02 05:00:00+00:00,4.0,418.0,-414.0,-414.0
2026-02-02 06:00:00+00:00,0.0,502.0,-502.0,-502.0
2026-02-02 07:00:00+00:00,0.0,300.0,-300.0,-300.0
2026-02-02 08:00:00+00:00,0.0,177.0,-177.0,-177.0
2026-02-02 09:00:00+00:00,0.0,194.0,-194.0,-194.0
2026-02-02 10:00:00+00:00,31.5,18.75,12.75,12.75
2026-02-02 11:00:00+00:00,37.0,3.0,34.0,34.0
2026-02-02 12:00:00+00:00,78.0,0.0,78.0,78.0
2026-02-02 13:00:00+00:00,0.0,150.75,-150.75,-150.75
2026-02-02 14:00:00+00:00,0.0,446.0,-446.0,-446.0
2026-02-02 15:00:00+00:00,0.0,577.25,-577.25,-577.25
2026-02-02 16:00:00+00:00,0.0,609.5,-609.5,-609.5
2026-02-02 17:00:00+00:00,0.0,830.0,-830.0,-830.0
2026-02-02 18:00:00+00:00,0.0,727.5,-727.5,-727.5
2026-02-02 19:00:00+00:00,0.0,723.5,-723.5,-723.5
2026-02-02 20:00:00+00:00,0.0,694.25,-694.25,-694.25
2026-02-02 21:00:00+00:00,0.0,707.5,-707.5,-707.5
2026-02-02 22:00:00+00:00,0.0,381.5,-381.5,-381.5
2026-02-02 23:00:00+00:00,3.0,36.75,-33.75,-33.75
2026-02-03 00:00:00+00:00,116.5,0.0,116.5,116.5
2026-02-03 01:00:00+00:00,157.25,0.0,157.25,157.25
2026-02-03 02:00:00+00:00,205.5,0.0,205.5,205.5
2026-02-03 03:00:00+00:00,250.0,0.0,250.0,250.0
2026-02-03 04:00:00+00:00,179.75,0.0,179.75,179.75
2026-02-03 05:00:00+00:00,321.5,0.0,321.5,321.5
2026-02-03 06:00:00+00:00,511.5,0.0,511.5,511.5
2026-02-03 07:00:00+00:00,474.0,0.0,474.0,474.0
2026-02-03 08:00:00+00:00,545.5,0.0,545.5,545.5
2026-02-03 09:00:00+00:00,840.5,0.0,840.5,840.5
2026-02-03 10:00:00+00:00,929.5,0.0,929.5,929.5
2026-02-03 11:00:00+00:00,944.25,0.0,944.25,944.25
2026-02-03 12:00:00+00:00,883.5,0.0,883.5,883.5
2026-02-03 13:00:00+00:00,811.5,0.0,811.5,811.5
2026-02-03 14:00:00+00:00,400.5,0.0,400.5,400.5
2026-02-03 15:00:00+00:00,3.25,113.0,-109.75,-109.75
2026-02-03 16:00:00+00:00,0.0,238.0,-238.0,-238.0
2026-02-03 17:00:00+00:00,0.0,305.25,-305.25,-305.25
2026-02-03 18:00:00+00:00,0.0,415.5,-415.5,-415.5
2026-02-03 19:00:00+00:00,0.0,386.75,-386.75,-386.75
2026-02-03 20:00:00+00:00,0.0,329.75,-329.75,-329.75
2026-02-03 21:00:00+00:00,0.0,303.0,-303.0,-303.0
2026-02-03 22:00:00+00:00,37.25,44.25,-7.0,-7.0
2026-02-03 23:00:00+00:00,263.75,0.0,263.75,263.75
2026-02-04 00:00:00+00:00,412.75,0.0,412.75,412.75
2026-02-04 01:00:00+00:00,499.5,0.0,499.5,499.5
2026-02-04 02:00:00+00:00,513.75,0.0,513.75,513.75
2026-02-04 03:00:00+00:00,479.0,0.0,479.0,479.0
2026-02-04 04:00:00+00:00,296.75,0.0,296.75,296.75
2026-02-04 05:00:00+00:00,18.75,58.5,-39.75,-39.75
2026-02-04 06:00:00+00:00,0.0,513.0,-513.0,-513.0
2026-02-04 07:00:00+00:00,0.0,522.75,-522.75,-522.75
2026-02-04 08:00:00+00:00,0.0,367.25,-367.25,-367.25
2026-02-04 09:00:00+00:00,52.0,173.75,-121.75,-121.75
2026-02-04 10:00:00+00:00,245.25,0.0,245.25,245.25
2026-02-04 11:00:00+00:00,517.75,0.0,517.75,517.75
2026-02-04 12:00:00+00:00,585.25,0.0,585.25,585.25
2026-02-04 13:00:00+00:00,457.25,0.0,457.25,457.25
2026-02-04 14:00:00+00:00,175.75,46.75,129.0,129.0
2026-02-04 15:00:00+00:00,0.0,268.25,-268.25,-268.25
2026-02-04 16:00:00+00:00,94.25,2.5,91.75,91.75
2026-02-04 17:00:00+00:00,0.0,255.0,-255.0,-255.0
2026-02-04 18:00:00+00:00,0.0,706.5,-706.5,-706.5
2026-02-04 19:00:00+00:00,0.0,1045.0,-1045.0,-1045.0
2026-02-04 20:00:00+00:00,0.0,1152.75,-1152.75,-1152.75
2026-02-04 21:00:00+00:00,0.0,907.5,-907.5,-907.5
2026-02-04 22:00:00+00:00,0.0,642.25,-642.25,-642.25
2026-02-04 23:00:00+00:00,0.0,497.25,-497.25,-497.25
2026-02-05 00:00:00+00:00,0.0,298.25,-298.25,-298.25
2026-02-05 01:00:00+00:00,0.0,107.25,-107.25,-107.25
2026-02-05 02:00:00+00:00,48.25,5.75,42.5,42.5
2026-02-05 03:00:00+00:00,103.0,0.0,103.0,103.0
2026-02-05 04:00:00+00:00,69.75,0.0,69.75,69.75
2026-02-05 05:00:00+00:00,308.5,44.0,264.5,264.5
2026-02-05 06:00:00+00:00,361.25,0.0,361.25,361.25
2026-02-05 07:00:00+00:00,511.75,0.0,511.75,511.75
2026-02-05 08:00:00+00:00,662.25,0.0,662.25,662.25
2026-02-05 09:00:00+00:00,550.75,0.0,550.75,550.75
2026-02-05 10:00:00+00:00,674.25,0.0,674.25,674.25
2026-02-05 11:00:00+00:00,373.5,0.0,373.5,373.5
2026-02-05 12:00:00+00:00,324.5,0.0,324.5,324.5
2026-02-05 13:00:00+00:00,160.25,0.0,160.25,160.25
2026-02-05 14:00:00+00:00,356.75,0.0,356.75,356.75
2026-02-05 15:00:00+00:00,0.0,175.5,-175.5,-175.5
2026-02-05 16:00:00+00:00,0.0,332.25,-332.25,-332.25
2026-02-05 17:00:00+00:00,0.0,554.5,-554.5,-554.5
2026-02-05 18:00:00+00:00,0.0,742.75,-742.75,-742.75
2026-02-05 19:00:00+00:00,0.0,737.0,-737.0,-737.0
2026-02-05 20:00:00+00:00,0.0,760.25,-760.25,-760.25
2026-02-05 21:00:00+00:00,0.0,869.25,-869.25,-869.25
2026-02-05 22:00:00+00:00,0.0,620.5,-620.5,-620.5
2026-02-05 23:00:00+00:00,0.0,218.75,-218.75,-218.75
2026-02-06 00:00:00+00:00,2.5,45.0,-42.5,-42.5
2026-02-06 01:00:00+00:00,39.75,4.25,35.5,35.5
2026-02-06 02:00:00+00:00,123.0,0.0,123.0,123.0
2026-02-06 03:00:00+00:00,137.0,0.0,137.0,137.0
2026-02-06 04:00:00+00:00,29.75,25.0,4.75,4.75
2026-02-06 05:00:00+00:00,168.0,10.0,158.0,158.0
2026-02-06 06:00:00+00:00,441.0,39.5,401.5,401.5
2026-02-06 07:00:00+00:00,806.75,0.0,806.75,806.75
2026-02-06 08:00:00+00:00,584.5,0.0,584.5,584.5
2026-02-06 09:00:00+00:00,462.75,0.0,462.75,462.75
2026-02-06 10:00:00+00:00,360.5,0.0,360.5,360.5
2026-02-06 11:00:00+00:00,349.25,0.0,349.25,349.25
2026-02-06 12:00:00+00:00,341.75,0.0,341.75,341.75
2026-02-06 13:00:00+00:00,303.0,0.0,303.0,303.0
2026-02-06 14:00:00+00:00,550.25,0.0,550.25,550.25
2026-02-06 15:00:00+00:00,244.5,0.0,244.5,244.5
2026-02-06 16:00:00+00:00,0.0,331.0,-331.0,-331.0
2026-02-06 17:00:00+00:00,0.0,633.5,-633.5,-633.5
2026-02-06 18:00:00+00:00,0.0,976.75,-976.75,-976.75
2026-02-06 19:00:00+00:00,0.0,944.75,-944.75,-944.75
2026-02-06 20:00:00+00:00,0.0,865.75,-865.75,-865.75
2026-02-06 21:00:00+00:00,0.0,739.75,-739.75,-739.75
2026-02-06 22:00:00+00:00,0.0,570.75,-570.75,-570.75
2026-02-06 23:00:00+00:00,0.0,298.5,-298.5,-298.5
2026-02-07 00:00:00+00:00,0.0,265.25,-265.25,-265.25
2026-02-07 01:00:00+00:00,0.0,274.25,-274.25,-274.25
2026-02-07 02:00:00+00:00,0.0,306.0,-306.0,-306.0
2026-02-07 03:00:00+00:00,0.0,379.5,-379.5,-379.5
2026-02-07 04:00:00+00:00,0.0,468.75,-468.75,-468.75
2026-02-07 05:00:00+00:00,0.0,498.5,-498.5,-498.5
2026-02-07 06:00:00+00:00,0.0,582.75,-582.75,-582.75
2026-02-07 07:00:00+00:00,0.0,393.25,-393.25,-393.25
2026-02-07 08:00:00+00:00,0.0,254.25,-254.25,-254.25
2026-02-07 09:00:00+00:00,0.0,128.25,-128.25,-128.25
2026-02-07 10:00:00+00:00,0.0,165.0,-165.0,-165.0
2026-02-07 11:00:00+00:00,0.0,92.5,-92.5,-92.5
2026-02-07 12:00:00+00:00,39.25,0.0,39.25,39.25
2026-02-07 13:00:00+00:00,5.75,33.0,-27.25,-27.25
2026-02-07 14:00:00+00:00,0.0,61.25,-61.25,-61.25
2026-02-07 15:00:00+00:00,230.75,75.5,155.25,155.25
2026-02-07 16:00:00+00:00,208.5,0.0,208.5,208.5
2026-02-07 17:00:00+00:00,7.25,96.5,-89.25,-89.25
2026-02-07 18:00:00+00:00,0.0,185.25,-185.25,-185.25
2026-02-07 19:00:00+00:00,0.0,425.0,-425.0,-425.0
2026-02-07 20:00:00+00:00,0.0,653.75,-653.75,-653.75
2026-02-07 21:00:00+00:00,0.0,445.5,-445.5,-445.5
2026-02-07 22:00:00+00:00,0.0,225.5,-225.5,-225.5
2026-02-07 23:00:00+00:00,84.5,0.0,84.5,84.5
2026-02-08 00:00:00+00:00,188.75,0.0,188.75,188.75
2026-02-08 01:00:00+00:00,215.5,0.0,215.5,215.5
2026-02-08 02:00:00+00:00,152.25,0.0,152.25,152.25
2026-02-08 03:00:00+00:00,1.25,56.0,-54.75,-54.75
2026-02-08 04:00:00+00:00,0.0,264.75,-264.75,-264.75
2026-02-08 05:00:00+00:00,0.0,417.25,-417.25,-417.25
2026-02-08 06:00:00+00:00,0.0,441.5,-441.5,-441.5
2026-02-08 07:00:00+00:00,0.0,273.25,-273.25,-273.25
2026-02-08 08:00:00+00:00,35.5,50.0,-14.5,-14.5
2026-02-08 09:00:00+00:00,123.0,0.0,123.0,123.0
2026-02-08 10:00:00+00:00,302.75,0.0,302.75,302.75
2026-02-08 11:00:00+00:00,430.25,0.0,430.25,430.25
2026-02-08 12:00:00+00:00,458.75,0.0,458.75,458.75
2026-02-08 13:00:00+00:00,373.0,0.0,373.0,373.0
2026-02-08 14:00:00+00:00,89.5,5.0,84.5,84.5
2026-02-08 15:00:00+00:00,52.25,175.0,-122.75,-122.75
2026-02-08 16:00:00+00:00,72.75,115.5,-42.75,-42.75
2026-02-08 17:00:00+00:00,9.75,93.0,-83.25,-83.25
2026-02-08 18:00:00+00:00,0.0,139.5,-139.5,-139.5
2026-02-08 19:00:00+00:00,0.0,421.5,-421.5,-421.5
2026-02-08 20:00:00+00:00,0.0,412.0,-412.0,-412.0
2026-02-08 21:00:00+00:00,0.0,597.25,-597.25,-597.25
2026-02-08 22:00:00+00:00,0.0,440.0,-440.0,-440.0
2026-02-08 23:00:00+00:00,0.0,295.0,-295.0,-295.0
2026-02-09 00:00:00+00:00,0.0,188.0,-188.0,-188.0
2026-02-09 01:00:00+00:00,0.0,124.75,-124.75,-124.75
2026-02-09 02:00:00+00:00,0.0,165.75,-165.75,-165.75
2026-02-09 03:00:00+00:00,0.0,162.5,-162.5,-162.5
2026-02-09 04:00:00+00:00,0.0,111.5,-111.5,-111.5
2026-02-09 05:00:00+00:00,187.25,125.5,61.75,61.75
2026-02-09 06:00:00+00:00,201.0,0.0,201.0,201.0
2026-02-09 07:00:00+00:00,169.5,0.0,169.5,169.5
2026-02-09 08:00:00+00:00,269.25,0.0,269.25,269.25
2026-02-09 09:00:00+00:00,253.75,0.0,253.75,253.75
2026-02-09 10:00:00+00:00,232.75,0.0,232.75,232.75
2026-02-09 11:00:00+00:00,389.25,0.0,389.25,389.25
2026-02-09 12:00:00+00:00,414.0,0.0,414.0,414.0
2026-02-09 13:00:00+00:00,323.75,0.0,323.75,323.75
2026-02-09 14:00:00+00:00,436.75,0.0,436.75,436.75
2026-02-09 15:00:00+00:00,195.75,0.0,195.75,195.75
2026-02-09 16:00:00+00:00,0.0,250.5,-250.5,-250.5
2026-02-09 17:00:00+00:00,0.0,565.25,-565.25,-565.25
2026-02-09 18:00:00+00:00,0.0,710.25,-710.25,-710.25
2026-02-09 19:00:00+00:00,0.0,613.5,-613.5,-613.5
2026-02-09 20:00:00+00:00,0.0,442.5,-442.5,-442.5
2026-02-09 21:00:00+00:00,0.0,608.25,-608.25,-608.25
2026-02-09 22:00:00+00:00,0.0,564.5,-564.5,-564.5
2026-02-09 23:00:00+00:00,0.0,495.0,-495.0,-495.0
2026-02-10 00:00:00+00:00,0.0,385.5,-385.5,-385.5
2026-02-10 01:00:00+00:00,0.0,406.25,-406.25,-406.25
2026-02-10 02:00:00+00:00,0.0,395.75,-395.75,-395.75
2026-02-10 03:00:00+00:00,0.0,427.5,-427.5,-427.5
2026-02-10 04:00:00+00:00,0.0,509.5,-509.5,-509.5
2026-02-10 05:00:00+00:00,0.0,230.0,-230.0,-230.0
2026-02-10 06:00:00+00:00,0.0,185.0,-185.0,-185.0
2026-02-10 07:00:00+00:00,8.25,62.0,-53.75,-53.75
2026-02-10 08:00:00+00:00,182.5,0.0,182.5,182.5
2026-02-10 09:00:00+00:00,237.75,0.0,237.75,237.75
2026-02-10 10:00:00+00:00,113.0,0.0,113.0,113.0
2026-02-10 11:00:00+00:00,63.75,0.0,63.75,63.75
2026-02-10 12:00:00+00:00,0.0,29.5,-29.5,-29.5
2026-02-10 13:00:00+00:00,0.0,233.5,-233.5,-233.5
2026-02-10 14:00:00+00:00,33.0,99.75,-66.75,-66.75
2026-02-10 15:00:00+00:00,17.75,85.75,-68.0,-68.0
2026-02-10 16:00:00+00:00,0.0,483.25,-483.25,-483.25
2026-02-10 17:00:00+00:00,0.0,853.75,-853.75,-853.75
2026-02-10 18:00:00+00:00,0.0,984.75,-984.75,-984.75
2026-02-10 19:00:00+00:00,0.0,1001.0,-1001.0,-1001.0
2026-02-10 20:00:00+00:00,0.0,1032.75,-1032.75,-1032.75
2026-02-10 21:00:00+00:00,0.0,1050.0,-1050.0,-1050.0
2026-02-10 22:00:00+00:00,0.0,988.75,-988.75,-988.75
2026-02-10 23:00:00+00:00,0.0,806.25,-806.25,-806.25
2026-02-11 00:00:00+00:00,0.0,633.75,-633.75,-633.75
2026-02-11 01:00:00+00:00,0.0,521.0,-521.0,-521.0
2026-02-11 02:00:00+00:00,0.0,398.5,-398.5,-398.5
2026-02-11 03:00:00+00:00,0.0,352.75,-352.75,-352.75
2026-02-11 04:00:00+00:00,0.0,310.5,-310.5,-310.5
2026-02-11 05:00:00+00:00,216.25,196.75,19.5,19.5
2026-02-11 06:00:00+00:00,371.75,0.0,371.75,371.75
2026-02-11 07:00:00+00:00,350.0,0.0,350.0,350.0
2026-02-11 08:00:00+00:00,452.0,0.0,452.0,452.0
2026-02-11 09:00:00+00:00,341.5,0.0,341.5,341.5
2026-02-11 10:00:00+00:00,600.25,0.0,600.25,600.25
2026-02-11 11:00:00+00:00,650.25,0.0,650.25,650.25
2026-02-11 12:00:00+00:00,565.75,0.0,565.75,565.75
2026-02-11 13:00:00+00:00,654.75,0.0,654.75,654.75
2026-02-11 14:00:00+00:00,759.75,0.0,759.75,759.75
2026-02-11 15:00:00+00:00,939.0,0.0,939.0,939.0
2026-02-11 16:00:00+00:00,496.0,0.0,496.0,496.0
2026-02-11 17:00:00+00:00,186.75,0.0,186.75,186.75
2026-02-11 18:00:00+00:00,13.75,17.75,-4.0,-4.0
2026-02-11 19:00:00+00:00,24.75,243.75,-219.0,-219.0
2026-02-11 20:00:00+00:00,0.0,459.75,-459.75,-459.75
2026-02-11 21:00:00+00:00,0.0,245.0,-245.0,-245.0
2026-02-11 22:00:00+00:00,3.75,25.25,-21.5,-21.5
2026-02-11 23:00:00+00:00,246.75,0.0,246.75,246.75
2026-02-12 00:00:00+00:00,347.25,0.0,347.25,347.25
2026-02-12 01:00:00+00:00,361.75,0.0,361.75,361.75
2026-02-12 02:00:00+00:00,352.5,0.0,352.5,352.5
2026-02-12 03:00:00+00:00,377.5,0.0,377.5,377.5
2026-02-12 04:00:00+00:00,346.5,0.0,346.5,346.5
2026-02-12 05:00:00+00:00,305.0,0.0,305.0,305.0
2026-02-12 06:00:00+00:00,250.25,0.0,250.25,250.25
2026-02-12 07:00:00+00:00,458.0,0.0,458.0,458.0
2026-02-12 08:00:00+00:00,241.5,0.0,241.5,241.5
2026-02-12 09:00:00+00:00,452.5,0.0,452.5,452.5
2026-02-12 10:00:00+00:00,696.0,0.0,696.0,696.0
2026-02-12 11:00:00+00:00,800.0,0.0,800.0,800.0
2026-02-12 12:00:00+00:00,800.0,0.0,800.0,800.0
2026-02-12 13:00:00+00:00,800.0,0.0,800.0,800.0
2026-02-12 14:00:00+00:00,772.75,0.0,772.75,772.75
2026-02-12 15:00:00+00:00,466.0,0.0,466.0,466.0
2026-02-12 16:00:00+00:00,267.25,0.0,267.25,267.25
2026-02-12 17:00:00+00:00,74.5,37.25,37.25,37.25
2026-02-12 18:00:00+00:00,244.0,83.0,161.0,161.0
2026-02-12 19:00:00+00:00,5.0,160.75,-155.75,-155.75
2026-02-12 20:00:00+00:00,23.5,29.0,-5.5,-5.5
2026-02-12 21:00:00+00:00,224.75,0.0,224.75,224.75
2026-02-12 22:00:00+00:00,459.5,0.0,459.5,459.5
2026-02-12 23:00:00+00:00,460.25,0.0,460.25,460.25
2026-02-13 00:00:00+00:00,561.5,0.0,561.5,561.5
2026-02-13 01:00:00+00:00,616.25,0.0,616.25,616.25
2026-02-13 02:00:00+00:00,661.5,0.0,661.5,661.5
2026-02-13 03:00:00+00:00,718.25,0.0,718.25,718.25
2026-02-13 04:00:00+00:00,671.5,0.0,671.5,671.5
2026-02-13 05:00:00+00:00,510.0,0.0,510.0,510.0
2026-02-13 06:00:00+00:00,841.25,0.0,841.25,841.25
2026-02-13 07:00:00+00:00,785.75,0.0,785.75,785.75
2026-02-13 08:00:00+00:00,800.0,0.0,800.0,800.0
2026-02-13 09:00:00+00:00,800.0,0.0,800.0,800.0
2026-02-13 10:00:00+00:00,756.5,0.0,756.5,756.5
2026-02-13 11:00:00+00:00,788.5,0.0,788.5,788.5
2026-02-13 12:00:00+00:00,800.0,0.0,800.0,800.0
2026-02-13 13:00:00+00:00,800.0,0.0,800.0,800.0
2026-02-13 14:00:00+00:00,497.0,0.0,497.0,497.0
2026-02-13 15:00:00+00:00,133.0,34.75,98.25,98.25
2026-02-13 16:00:00+00:00,4.25,159.0,-154.75,-154.75
2026-02-13 17:00:00+00:00,0.0,479.25,-479.25,-479.25
2026-02-13 18:00:00+00:00,0.0,660.25,-660.25,-660.25
2026-02-13 19:00:00+00:00,0.0,849.25,-849.25,-849.25
2026-02-13 20:00:00+00:00,0.0,547.5,-547.5,-547.5
2026-02-13 21:00:00+00:00,0.0,467.0,-467.0,-467.0
2026-02-13 22:00:00+00:00,0.0,140.25,-140.25,-140.25
2026-02-13 23:00:00+00:00,15.25,17.25,-2.0,-2.0
2026-02-14 00:00:00+00:00,20.75,2.5,18.25,18.25
2026-02-14 01:00:00+00:00,21.75,2.25,19.5,19.5
2026-02-14 02:00:00+00:00,26.75,0.0,26.75,26.75
2026-02-14 03:00:00+00:00,0.75,29.5,-28.75,-28.75
2026-02-14 04:00:00+00:00,0.0,172.25,-172.25,-172.25
2026-02-14 05:00:00+00:00,0.0,373.0,-373.0,-373.0
2026-02-14 06:00:00+00:00,0.0,445.5,-445.5,-445.5
2026-02-14 07:00:00+00:00,0.0,467.25,-467.25,-467.25
2026-02-14 08:00:00+00:00,121.5,60.25,61.25,61.25
2026-02-14 09:00:00+00:00,6.5,62.0,-55.5,-55.5
2026-02-14 10:00:00+00:00,0.0,97.75,-97.75,-97.75
2026-02-14 11:00:00+00:00,14.5,32.0,-17.5,-17.5
2026-02-14 12:00:00+00:00,69.5,0.0,69.5,69.5
2026-02-14 13:00:00+00:00,202.5,0.0,202.5,202.5
2026-02-14 14:00:00+00:00,234.25,0.0,234.25,234.25
2026-02-14 15:00:00+00:00,96.5,111.5,-15.0,-15.0
2026-02-14 16:00:00+00:00,141.5,76.5,65.0,65.0
2026-02-14 17:00:00+00:00,26.0,24.5,1.5,1.5
2026-02-14 18:00:00+00:00,0.0,104.25,-104.25,-104.25
2026-02-14 19:00:00+00:00,1.5,258.75,-257.25,-257.25
2026-02-14 20:00:00+00:00,52.25,266.0,-213.75,-213.75
2026-02-14 21:00:00+00:00,0.0,244.75,-244.75,-244.75
2026-02-14 22:00:00+00:00,0.0,71.5,-71.5,-71.5
2026-02-14 23:00:00+00:00,534.75,0.0,534.75,534.75
2026-02-15 00:00:00+00:00,409.0,0.0,409.0,409.0
2026-02-15 01:00:00+00:00,478.0,0.0,478.0,478.0
2026-02-15 02:00:00+00:00,478.0,0.0,478.0,478.0
2026-02-15 03:00:00+00:00,409.5,0.0,409.5,409.5
2026-02-15 04:00:00+00:00,314.0,0.0,314.0,314.0
2026-02-15 05:00:00+00:00,245.25,0.0,245.25,245.25
2026-02-15 06:00:00+00:00,249.75,0.0,249.75,249.75
2026-02-15 07:00:00+00:00,233.75,0.0,233.75,233.75
2026-02-15 08:00:00+00:00,340.75,0.0,340.75,340.75
2026-02-15 09:00:00+00:00,451.25,0.0,451.25,451.25
2026-02-15 10:00:00+00:00,567.25,0.0,567.25,567.25
2026-02-15 11:00:00+00:00,704.75,0.0,704.75,704.75
2026-02-15 12:00:00+00:00,631.75,0.0,631.75,631.75
2026-02-15 13:00:00+00:00,685.25,0.0,685.25,685.25
2026-02-15 14:00:00+00:00,800.0,0.0,800.0,800.0
2026-02-15 15:00:00+00:00,476.75,0.0,476.75,476.75
2026-02-15 16:00:00+00:00,296.5,0.0,296.5,296.5
2026-02-15 17:00:00+00:00,163.0,90.25,72.75,72.75
2026-02-15 18:00:00+00:00,156.25,14.75,141.5,141.5
2026-02-15 19:00:00+00:00,37.25,133.5,-96.25,-96.25
2026-02-15 20:00:00+00:00,51.0,118.5,-67.5,-67.5
2026-02-15 21:00:00+00:00,17.0,277.5,-260.5,-260.5
2026-02-15 22:00:00+00:00,0.0,337.5,-337.5,-337.5
2026-02-15 23:00:00+00:00,0.0,100.0,-100.0,-100.0
2026-02-16 00:00:00+00:00,0.0,46.75,-46.75,-46.75
2026-02-16 01:00:00+00:00,6.75,11.5,-4.75,-4.75
2026-02-16 02:00:00+00:00,0.0,63.0,-63.0,-63.0
2026-02-16 03:00:00+00:00,0.0,94.75,-94.75,-94.75
2026-02-16 04:00:00+00:00,60.0,75.0,-15.0,-15.0
2026-02-16 05:00:00+00:00,205.75,25.0,180.75,180.75
2026-02-16 06:00:00+00:00,350.0,0.0,350.0,350.0
2026-02-16 07:00:00+00:00,350.0,0.0,350.0,350.0
2026-02-16 08:00:00+00:00,272.75,0.0,272.75,272.75
2026-02-16 09:00:00+00:00,312.25,0.0,312.25,312.25
2026-02-16 10:00:00+00:00,350.0,0.0,350.0,350.0
2026-02-16 11:00:00+00:00,350.0,0.0,350.0,350.0
2026-02-16 12:00:00+00:00,350.0,0.0,350.0,350.0
2026-02-16 13:00:00+00:00,350.0,0.0,350.0,350.0
2026-02-16 14:00:00+00:00,350.0,0.0,350.0,350.0
2026-02-16 15:00:00+00:00,350.0,0.0,350.0,350.0
2026-02-16 16:00:00+00:00,350.0,0.0,350.0,350.0
2026-02-16 17:00:00+00:00,350.0,0.0,350.0,350.0
2026-02-16 18:00:00+00:00,180.25,25.0,155.25,155.25
2026-02-16 19:00:00+00:00,0.5,55.0,-54.5,-54.5
2026-02-16 20:00:00+00:00,52.5,21.0,31.5,31.5
2026-02-16 21:00:00+00:00,198.75,0.0,198.75,198.75
2026-02-16 22:00:00+00:00,316.5,0.0,316.5,316.5
2026-02-16 23:00:00+00:00,546.0,0.0,546.0,546.0
2026-02-17 00:00:00+00:00,684.25,0.0,684.25,684.25
2026-02-17 01:00:00+00:00,783.0,0.0,783.0,783.0
2026-02-17 02:00:00+00:00,728.75,0.0,728.75,728.75
2026-02-17 03:00:00+00:00,746.25,0.0,746.25,746.25
2026-02-17 04:00:00+00:00,786.25,0.0,786.25,786.25
2026-02-17 05:00:00+00:00,779.5,0.0,779.5,779.5
2026-02-17 06:00:00+00:00,495.75,0.0,495.75,495.75
2026-02-17 07:00:00+00:00,800.0,0.0,800.0,800.0
2026-02-17 08:00:00+00:00,800.0,0.0,800.0,800.0
2026-02-17 09:00:00+00:00,763.75,0.0,763.75,763.75
2026-02-17 10:00:00+00:00,759.5,0.0,759.5,759.5
2026-02-17 11:00:00+00:00,800.0,0.0,800.0,800.0
2026-02-17 12:00:00+00:00,772.25,0.0,772.25,772.25
2026-02-17 13:00:00+00:00,706.25,0.0,706.25,706.25
2026-02-17 14:00:00+00:00,700.75,0.0,700.75,700.75
2026-02-17 15:00:00+00:00,747.5,0.0,747.5,747.5
2026-02-17 16:00:00+00:00,252.5,0.0,252.5,252.5
2026-02-17 17:00:00+00:00,427.25,0.0,427.25,427.25
2026-02-17 18:00:00+00:00,291.5,0.0,291.5,291.5
2026-02-17 19:00:00+00:00,146.75,3.0,143.75,143.75
2026-02-17 20:00:00+00:00,95.25,50.0,45.25,45.25
2026-02-17 21:00:00+00:00,0.0,100.0,-100.0,-100.0
2026-02-17 22:00:00+00:00,43.25,27.25,16.0,16.0
2026-02-17 23:00:00+00:00,89.25,0.0,89.25,89.25
2026-02-18 00:00:00+00:00,174.0,0.0,174.0,174.0
2026-02-18 01:00:00+00:00,128.75,0.0,128.75,128.75
2026-02-18 02:00:00+00:00,62.25,0.0,62.25,62.25
2026-02-18 03:00:00+00:00,0.0,92.0,-92.0,-92.0
2026-02-18 04:00:00+00:00,0.0,258.75,-258.75,-258.75
2026-02-18 05:00:00+00:00,202.75,113.75,89.0,89.0
2026-02-18 06:00:00+00:00,126.75,0.0,126.75,126.75
2026-02-18 07:00:00+00:00,201.5,9.5,192.0,192.0
2026-02-18 08:00:00+00:00,463.25,0.0,463.25,463.25
2026-02-18 09:00:00+00:00,489.5,0.0,489.5,489.5
2026-02-18 10:00:00+00:00,299.5,0.0,299.5,299.5
2026-02-18 11:00:00+00:00,361.5,0.0,361.5,361.5
2026-02-18 12:00:00+00:00,342.75,0.0,342.75,342.75
2026-02-18 13:00:00+00:00,219.25,0.0,219.25,219.25
2026-02-18 14:00:00+00:00,105.5,0.0,105.5,105.5
2026-02-18 15:00:00+00:00,21.5,90.5,-69.0,-69.0
2026-02-18 16:00:00+00:00,0.0,553.0,-553.0,-553.0
2026-02-18 17:00:00+00:00,0.0,881.25,-881.25,-881.25
2026-02-18 18:00:00+00:00,0.0,900.0,-900.0,-900.0
2026-02-18 19:00:00+00:00,0.0,900.0,-900.0,-900.0
2026-02-18 20:00:00+00:00,0.0,876.25,-876.25,-876.25
2026-02-18 21:00:00+00:00,0.0,827.0,-827.0,-827.0
2026-02-18 22:00:00+00:00,0.0,838.75,-838.75,-838.75
2026-02-18 23:00:00+00:00,0.0,628.5,-628.5,-628.5
2026-02-19 00:00:00+00:00,0.0,408.0,-408.0,-408.0
2026-02-19 01:00:00+00:00,0.0,297.75,-297.75,-297.75
2026-02-19 02:00:00+00:00,0.0,198.25,-198.25,-198.25
2026-02-19 03:00:00+00:00,0.0,123.75,-123.75,-123.75
2026-02-19 04:00:00+00:00,0.0,103.25,-103.25,-103.25
2026-02-19 05:00:00+00:00,348.75,68.75,280.0,280.0
2026-02-19 06:00:00+00:00,513.5,19.25,494.25,494.25
2026-02-19 07:00:00+00:00,649.5,0.0,649.5,649.5
2026-02-19 08:00:00+00:00,674.5,0.0,674.5,674.5
2026-02-19 09:00:00+00:00,794.5,0.0,794.5,794.5
2026-02-19 10:00:00+00:00,322.5,0.0,322.5,322.5
2026-02-19 11:00:00+00:00,195.0,0.0,195.0,195.0
2026-02-19 12:00:00+00:00,167.75,0.0,167.75,167.75
2026-02-19 13:00:00+00:00,349.75,0.0,349.75,349.75
2026-02-19 14:00:00+00:00,136.5,0.0,136.5,136.5
2026-02-19 15:00:00+00:00,384.75,0.0,384.75,384.75
2026-02-19 16:00:00+00:00,0.0,302.0,-302.0,-302.0
2026-02-19 17:00:00+00:00,0.0,438.75,-438.75,-438.75
2026-02-19 18:00:00+00:00,0.0,569.5,-569.5,-569.5
2026-02-19 19:00:00+00:00,0.0,678.5,-678.5,-678.5
2026-02-19 20:00:00+00:00,0.0,733.5,-733.5,-733.5
2026-02-19 21:00:00+00:00,0.0,504.0,-504.0,-504.0
2026-02-19 22:00:00+00:00,0.0,320.5,-320.5,-320.5
2026-02-19 23:00:00+00:00,5.5,22.0,-16.5,-16.5
2026-02-20 00:00:00+00:00,107.0,0.0,107.0,107.0
2026-02-20 01:00:00+00:00,202.75,0.0,202.75,202.75
2026-02-20 02:00:00+00:00,237.75,0.0,237.75,237.75
2026-02-20 03:00:00+00:00,252.25,0.0,252.25,252.25
2026-02-20 04:00:00+00:00,260.0,0.0,260.0,260.0
2026-02-20 05:00:00+00:00,595.75,0.0,595.75,595.75
2026-02-20 06:00:00+00:00,882.5,0.0,882.5,882.5
2026-02-20 07:00:00+00:00,800.0,0.0,800.0,800.0
2026-02-20 08:00:00+00:00,650.25,0.0,650.25,650.25
2026-02-20 09:00:00+00:00,800.0,0.0,800.0,800.0
2026-02-20 10:00:00+00:00,800.0,0.0,800.0,800.0
2026-02-20 11:00:00+00:00,800.0,0.0,800.0,800.0
2026-02-20 12:00:00+00:00,800.0,0.0,800.0,800.0
2026-02-20 13:00:00+00:00,740.5,0.0,740.5,740.5
2026-02-20 14:00:00+00:00,409.25,0.0,409.25,409.25
2026-02-20 15:00:00+00:00,408.25,0.0,408.25,408.25
2026-02-20 16:00:00+00:00,186.0,57.0,129.0,129.0
2026-02-20 17:00:00+00:00,1.75,119.25,-117.5,-117.5
2026-02-20 18:00:00+00:00,0.0,331.25,-331.25,-331.25
2026-02-20 19:00:00+00:00,0.0,556.5,-556.5,-556.5
2026-02-20 20:00:00+00:00,0.0,612.5,-612.5,-612.5
2026-02-20 21:00:00+00:00,0.0,592.25,-592.25,-592.25
2026-02-20 22:00:00+00:00,0.0,362.5,-362.5,-362.5
2026-02-20 23:00:00+00:00,68.5,273.0,-204.5,-204.5
2026-02-21 00:00:00+00:00,0.0,227.25,-227.25,-227.25
2026-02-21 01:00:00+00:00,0.0,140.5,-140.5,-140.5
2026-02-21 02:00:00+00:00,0.0,131.0,-131.0,-131.0
2026-02-21 03:00:00+00:00,0.0,129.75,-129.75,-129.75
2026-02-21 04:00:00+00:00,0.0,150.25,-150.25,-150.25
2026-02-21 05:00:00+00:00,0.0,163.0,-163.0,-163.0
2026-02-21 06:00:00+00:00,0.0,92.0,-92.0,-92.0
2026-02-21 07:00:00+00:00,245.25,0.0,245.25,245.25
2026-02-21 08:00:00+00:00,560.25,0.0,560.25,560.25
2026-02-21 09:00:00+00:00,757.0,0.0,757.0,757.0
2026-02-21 10:00:00+00:00,800.0,0.0,800.0,800.0
2026-02-21 11:00:00+00:00,800.0,0.0,800.0,800.0
2026-02-21 12:00:00+00:00,793.5,0.0,793.5,793.5
2026-02-21 13:00:00+00:00,560.5,0.0,560.5,560.5
2026-02-21 14:00:00+00:00,519.75,0.0,519.75,519.75
2026-02-21 15:00:00+00:00,156.25,0.0,156.25,156.25
2026-02-21 16:00:00+00:00,96.25,184.5,-88.25,-88.25
2026-02-21 17:00:00+00:00,0.0,213.75,-213.75,-213.75
2026-02-21 18:00:00+00:00,0.0,347.5,-347.5,-347.5
2026-02-21 19:00:00+00:00,0.0,578.75,-578.75,-578.75
2026-02-21 20:00:00+00:00,0.0,693.5,-693.5,-693.5
2026-02-21 21:00:00+00:00,0.0,878.5,-878.5,-878.5
2026-02-21 22:00:00+00:00,0.0,672.0,-672.0,-672.0
2026-02-21 23:00:00+00:00,0.0,559.5,-559.5,-559.5
2026-02-22 00:00:00+00:00,0.0,352.0,-352.0,-352.0
2026-02-22 01:00:00+00:00,0.0,238.5,-238.5,-238.5
2026-02-22 02:00:00+00:00,0.0,134.75,-134.75,-134.75
2026-02-22 03:00:00+00:00,0.0,132.5,-132.5,-132.5
2026-02-22 04:00:00+00:00,0.0,177.75,-177.75,-177.75
2026-02-22 05:00:00+00:00,0.0,223.25,-223.25,-223.25
2026-02-22 06:00:00+00:00,0.0,67.5,-67.5,-67.5
2026-02-22 07:00:00+00:00,246.5,0.0,246.5,246.5
2026-02-22 08:00:00+00:00,531.5,0.0,531.5,531.5
2026-02-22 09:00:00+00:00,514.5,0.0,514.5,514.5
2026-02-22 10:00:00+00:00,549.5,0.0,549.5,549.5
2026-02-22 11:00:00+00:00,712.75,0.0,712.75,712.75
2026-02-22 12:00:00+00:00,744.75,0.0,744.75,744.75
2026-02-22 13:00:00+00:00,732.25,0.0,732.25,732.25
2026-02-22 14:00:00+00:00,582.5,0.0,582.5,582.5
2026-02-22 15:00:00+00:00,48.0,79.0,-31.0,-31.0
2026-02-22 16:00:00+00:00,0.0,610.75,-610.75,-610.75
2026-02-22 17:00:00+00:00,0.0,642.25,-642.25,-642.25
2026-02-22 18:00:00+00:00,0.0,796.75,-796.75,-796.75
2026-02-22 19:00:00+00:00,0.0,818.25,-818.25,-818.25
2026-02-22 20:00:00+00:00,0.0,674.5,-674.5,-674.5
2026-02-22 21:00:00+00:00,0.0,821.0,-821.0,-821.0
2026-02-22 22:00:00+00:00,0.0,900.0,-900.0,-900.0
2026-02-22 23:00:00+00:00,0.0,842.0,-842.0,-842.0
2026-02-23 00:00:00+00:00,0.0,766.5,-766.5,-766.5
2026-02-23 01:00:00+00:00,0.0,813.0,-813.0,-813.0
2026-02-23 02:00:00+00:00,0.0,825.75,-825.75,-825.75
2026-02-23 03:00:00+00:00,0.0,874.5,-874.5,-874.5
2026-02-23 04:00:00+00:00,0.0,900.0,-900.0,-900.0
2026-02-23 05:00:00+00:00,0.0,637.5,-637.5,-637.5
2026-02-23 06:00:00+00:00,0.0,604.75,-604.75,-604.75
2026-02-23 07:00:00+00:00,0.0,296.25,-296.25,-296.25
2026-02-23 08:00:00+00:00,117.0,97.0,20.0,20.0
2026-02-23 09:00:00+00:00,189.0,0.0,189.0,189.0
2026-02-23 10:00:00+00:00,377.5,0.0,377.5,377.5
2026-02-23 11:00:00+00:00,385.0,0.0,385.0,385.0
2026-02-23 12:00:00+00:00,381.5,0.0,381.5,381.5
2026-02-23 13:00:00+00:00,281.5,0.0,281.5,281.5
2026-02-23 14:00:00+00:00,27.5,42.0,-14.5,-14.5
2026-02-23 15:00:00+00:00,10.5,231.5,-221.0,-221.0
2026-02-23 16:00:00+00:00,0.0,542.0,-542.0,-542.0
2026-02-23 17:00:00+00:00,0.0,897.25,-897.25,-897.25
2026-02-23 18:00:00+00:00,0.0,900.0,-900.0,-900.0
2026-02-23 19:00:00+00:00,0.0,900.0,-900.0,-900.0
2026-02-23 20:00:00+00:00,0.0,900.0,-900.0,-900.0
2026-02-23 21:00:00+00:00,0.0,846.25,-846.25,-846.25
2026-02-23 22:00:00+00:00,0.0,900.0,-900.0,-900.0
2026-02-23 23:00:00+00:00,0.0,796.75,-796.75,-796.75
2026-02-24 00:00:00+00:00,0.0,678.25,-678.25,-678.25
2026-02-24 01:00:00+00:00,0.0,607.5,-607.5,-607.5
2026-02-24 02:00:00+00:00,0.0,596.75,-596.75,-596.75
2026-02-24 03:00:00+00:00,0.0,645.25,-645.25,-645.25
2026-02-24 04:00:00+00:00,0.0,769.5,-769.5,-769.5
2026-02-24 05:00:00+00:00,0.0,584.75,-584.75,-584.75
2026-02-24 06:00:00+00:00,0.0,359.75,-359.75,-359.75
2026-02-24 07:00:00+00:00,175.0,0.0,175.0,175.0
2026-02-24 08:00:00+00:00,537.0,0.0,537.0,537.0
2026-02-24 09:00:00+00:00,217.0,0.0,217.0,217.0
2026-02-24 10:00:00+00:00,445.75,0.0,445.75,445.75
2026-02-24 11:00:00+00:00,530.0,0.0,530.0,530.0
2026-02-24 12:00:00+00:00,534.75,0.0,534.75,534.75
2026-02-24 13:00:00+00:00,483.5,0.0,483.5,483.5
2026-02-24 14:00:00+00:00,141.25,0.0,141.25,141.25
2026-02-24 15:00:00+00:00,0.0,315.0,-315.0,-315.0
2026-02-24 16:00:00+00:00,0.0,414.75,-414.75,-414.75
2026-02-24 17:00:00+00:00,0.0,825.0,-825.0,-825.0
2026-02-24 18:00:00+00:00,0.0,1050.0,-1050.0,-1050.0
2026-02-24 19:00:00+00:00,0.0,1050.0,-1050.0,-1050.0
2026-02-24 20:00:00+00:00,0.0,1050.0,-1050.0,-1050.0
2026-02-24 21:00:00+00:00,0.0,1050.0,-1050.0,-1050.0
2026-02-24 22:00:00+00:00,0.0,1050.0,-1050.0,-1050.0
2026-02-24 23:00:00+00:00,0.0,1026.0,-1026.0,-1026.0
2026-02-25 00:00:00+00:00,0.0,980.0,-980.0,-980.0
2026-02-25 01:00:00+00:00,0.0,895.5,-895.5,-895.5
2026-02-25 02:00:00+00:00,0.0,913.0,-913.0,-913.0
2026-02-25 03:00:00+00:00,0.0,984.5,-984.5,-984.5
2026-02-25 04:00:00+00:00,0.0,1045.0,-1045.0,-1045.0
2026-02-25 05:00:00+00:00,0.0,724.5,-724.5,-724.5
2026-02-25 06:00:00+00:00,0.0,505.0,-505.0,-505.0
2026-02-25 07:00:00+00:00,53.75,44.0,9.75,9.75
2026-02-25 08:00:00+00:00,134.25,61.75,72.5,72.5
2026-02-25 09:00:00+00:00,105.0,0.0,105.0,105.0
2026-02-25 10:00:00+00:00,269.0,0.0,269.0,269.0
2026-02-25 11:00:00+00:00,343.0,0.0,343.0,343.0
2026-02-25 12:00:00+00:00,317.0,0.0,317.0,317.0
2026-02-25 13:00:00+00:00,186.25,0.0,186.25,186.25
2026-02-25 14:00:00+00:00,0.0,242.75,-242.75,-242.75
2026-02-25 15:00:00+00:00,0.0,588.75,-588.75,-588.75
2026-02-25 16:00:00+00:00,0.0,812.0,-812.0,-812.0
2026-02-25 17:00:00+00:00,0.0,1020.5,-1020.5,-1020.5
2026-02-25 18:00:00+00:00,0.0,1050.0,-1050.0,-1050.0
2026-02-25 19:00:00+00:00,0.0,1050.0,-1050.0,-1050.0
2026-02-25 20:00:00+00:00,0.0,1050.0,-1050.0,-1050.0
2026-02-25 21:00:00+00:00,0.0,1039.25,-1039.25,-1039.25
2026-02-25 22:00:00+00:00,0.0,1050.0,-1050.0,-1050.0
2026-02-25 23:00:00+00:00,0.0,1050.0,-1050.0,-1050.0
2026-02-26 00:00:00+00:00,0.0,1003.25,-1003.25,-1003.25
2026-02-26 01:00:00+00:00,0.0,977.5,-977.5,-977.5
2026-02-26 02:00:00+00:00,0.0,984.75,-984.75,-984.75
2026-02-26 03:00:00+00:00,0.0,980.5,-980.5,-980.5
2026-02-26 04:00:00+00:00,0.0,1037.5,-1037.5,-1037.5
2026-02-26 05:00:00+00:00,0.0,991.0,-991.0,-991.0
2026-02-26 06:00:00+00:00,0.0,968.5,-968.5,-968.5
2026-02-26 07:00:00+00:00,0.0,714.25,-714.25,-714.25
2026-02-26 08:00:00+00:00,0.0,169.75,-169.75,-169.75
2026-02-26 09:00:00+00:00,40.0,0.0,40.0,40.0
2026-02-26 10:00:00+00:00,82.75,0.0,82.75,82.75
2026-02-26 11:00:00+00:00,77.0,0.0,77.0,77.0
2026-02-26 12:00:00+00:00,67.25,0.0,67.25,67.25
2026-02-26 13:00:00+00:00,17.0,7.0,10.0,10.0
2026-02-26 14:00:00+00:00,0.0,236.5,-236.5,-236.5
2026-02-26 15:00:00+00:00,0.0,672.25,-672.25,-672.25
2026-02-26 16:00:00+00:00,0.0,1050.0,-1050.0,-1050.0
2026-02-26 17:00:00+00:00,0.0,1050.0,-1050.0,-1050.0
2026-02-26 18:00:00+00:00,0.0,1050.0,-1050.0,-1050.0
2026-02-26 19:00:00+00:00,0.0,1050.0,-1050.0,-1050.0
2026-02-26 20:00:00+00:00,0.0,1050.0,-1050.0,-1050.0
2026-02-26 21:00:00+00:00,0.0,1050.0,-1050.0,-1050.0
2026-02-26 22:00:00+00:00,0.0,1050.0,-1050.0,-1050.0
2026-02-26 23:00:00+00:00,0.0,1050.0,-1050.0,-1050.0
2026-02-27 00:00:00+00:00,0.0,1050.0,-1050.0,-1050.0
2026-02-27 01:00:00+00:00,0.0,1040.0,-1040.0,-1040.0
2026-02-27 02:00:00+00:00,0.0,1043.0,-1043.0,-1043.0
2026-02-27 03:00:00+00:00,0.0,1038.5,-1038.5,-1038.5
2026-02-27 04:00:00+00:00,0.0,1050.0,-1050.0,-1050.0
2026-02-27 05:00:00+00:00,0.0,934.25,-934.25,-934.25
2026-02-27 06:00:00+00:00,0.0,793.25,-793.25,-793.25
2026-02-27 07:00:00+00:00,0.0,538.75,-538.75,-538.75
2026-02-27 08:00:00+00:00,54.5,123.75,-69.25,-69.25
2026-02-27 09:00:00+00:00,0.0,198.75,-198.75,-198.75
2026-02-27 10:00:00+00:00,0.0,63.25,-63.25,-63.25
2026-02-27 11:00:00+00:00,0.0,127.25,-127.25,-127.25
2026-02-27 12:00:00+00:00,0.0,359.5,-359.5,-359.5
2026-02-27 13:00:00+00:00,0.0,106.0,-106.0,-106.0
2026-02-27 14:00:00+00:00,0.0,353.25,-353.25,-353.25
2026-02-27 15:00:00+00:00,0.0,932.75,-932.75,-932.75
2026-02-27 16:00:00+00:00,0.0,901.75,-901.75,-901.75
2026-02-27 17:00:00+00:00,0.0,1050.0,-1050.0,-1050.0
2026-02-27 18:00:00+00:00,0.0,1050.0,-1050.0,-1050.0
2026-02-27 19:00:00+00:00,0.0,1050.0,-1050.0,-1050.0
2026-02-27 20:00:00+00:00,0.0,1050.0,-1050.0,-1050.0
2026-02-27 21:00:00+00:00,0.0,1050.0,-1050.0,-1050.0
2026-02-27 22:00:00+00:00,0.0,1050.0,-1050.0,-1050.0
2026-02-27 23:00:00+00:00,0.0,1050.0,-1050.0,-1050.0
2026-02-28 00:00:00+00:00,0.0,1017.5,-1017.5,-1017.5
2026-02-28 01:00:00+00:00,0.0,973.25,-973.25,-973.25
2026-02-28 02:00:00+00:00,0.0,938.25,-938.25,-938.25
2026-02-28 03:00:00+00:00,0.0,971.25,-971.25,-971.25
2026-02-28 04:00:00+00:00,0.0,1003.5,-1003.5,-1003.5
2026-02-28 05:00:00+00:00,0.0,947.75,-947.75,-947.75
2026-02-28 06:00:00+00:00,0.0,859.0,-859.0,-859.0
2026-02-28 07:00:00+00:00,0.0,609.0,-609.0,-609.0
2026-02-28 08:00:00+00:00,0.0,209.75,-209.75,-209.75
2026-02-28 09:00:00+00:00,26.25,18.5,7.75,7.75
2026-02-28 10:00:00+00:00,130.5,0.0,130.5,130.5
2026-02-28 11:00:00+00:00,166.5,0.0,166.5,166.5
2026-02-28 12:00:00+00:00,166.5,0.0,166.5,166.5
2026-02-28 13:00:00+00:00,26.75,109.5,-82.75,-82.75
2026-02-28 14:00:00+00:00,0.0,372.0,-372.0,-372.0
2026-02-28 15:00:00+00:00,0.0,831.5,-831.5,-831.5
2026-02-28 16:00:00+00:00,0.0,1046.25,-1046.25,-1046.25
2026-02-28 17:00:00+00:00,0.0,1050.0,-1050.0,-1050.0
2026-02-28 18:00:00+00:00,0.0,1016.0,-1016.0,-1016.0
2026-02-28 19:00:00+00:00,0.0,1050.0,-1050.0,-1050.0
2026-02-28 20:00:00+00:00,0.0,1040.75,-1040.75,-1040.75
2026-02-28 21:00:00+00:00,0.0,1050.0,-1050.0,-1050.0
2026-02-28 22:00:00+00:00,0.0,1050.0,-1050.0,-1050.0
2026-02-28 23:00:00+00:00,0.0,1050.0,-1050.0,-1050.0
2026-03-01 00:00:00+00:00,0.0,1050.0,-1050.0,-1050.0
2026-03-01 01:00:00+00:00,0.0,1032.25,-1032.25,-1032.25
2026-03-01 02:00:00+00:00,0.0,980.25,-980.25,-980.25
2026-03-01 03:00:00+00:00,0.0,964.25,-964.25,-964.25
2026-03-01 04:00:00+00:00,0.0,1000.75,-1000.75,-1000.75
2026-03-01 05:00:00+00:00,0.0,888.75,-888.75,-888.75
2026-03-01 06:00:00+00:00,0.0,774.5,-774.5,-774.5
2026-03-01 07:00:00+00:00,0.0,508.25,-508.25,-508.25
2026-03-01 08:00:00+00:00,0.0,248.25,-248.25,-248.25
2026-03-01 09:00:00+00:00,0.0,124.25,-124.25,-124.25
2026-03-01 10:00:00+00:00,0.0,88.5,-88.5,-88.5
2026-03-01 11:00:00+00:00,0.0,75.25,-75.25,-75.25
2026-03-01 12:00:00+00:00,0.5,17.75,-17.25,-17.25
2026-03-01 13:00:00+00:00,0.0,75.25,-75.25,-75.25
2026-03-01 14:00:00+00:00,0.0,289.25,-289.25,-289.25
2026-03-01 15:00:00+00:00,0.0,681.5,-681.5,-681.5
2026-03-01 16:00:00+00:00,0.0,975.5,-975.5,-975.5
2026-03-01 17:00:00+00:00,0.0,1050.0,-1050.0,-1050.0
2026-03-01 18:00:00+00:00,0.0,1050.0,-1050.0,-1050.0
2026-03-01 19:00:00+00:00,0.0,1050.0,-1050.0,-1050.0
2026-03-01 20:00:00+00:00,0.0,1050.0,-1050.0,-1050.0
2026-03-01 21:00:00+00:00,0.0,1009.0,-1009.0,-1009.0
2026-03-01 22:00:00+00:00,0.0,1029.75,-1029.75,-1029.75
2026-03-01 23:00:00+00:00,0.0,951.75,-951.75,-951.75
2026-03-02 00:00:00+00:00,0.0,836.0,-836.0,-836.0
2026-03-02 01:00:00+00:00,0.0,796.75,-796.75,-796.75
2026-03-02 02:00:00+00:00,0.0,804.0,-804.0,-804.0
2026-03-02 03:00:00+00:00,0.0,821.75,-821.75,-821.75
2026-03-02 04:00:00+00:00,0.0,865.5,-865.5,-865.5
2026-03-02 05:00:00+00:00,0.0,771.75,-771.75,-771.75
2026-03-02 06:00:00+00:00,0.0,906.5,-906.5,-906.5
2026-03-02 07:00:00+00:00,0.0,401.5,-401.5,-401.5
2026-03-02 08:00:00+00:00,0.0,301.0,-301.0,-301.0
2026-03-02 09:00:00+00:00,60.25,126.5,-66.25,-66.25
2026-03-02 10:00:00+00:00,0.0,97.5,-97.5,-97.5
2026-03-02 11:00:00+00:00,0.0,100.75,-100.75,-100.75
2026-03-02 12:00:00+00:00,0.0,152.5,-152.5,-152.5
2026-03-02 13:00:00+00:00,0.0,227.75,-227.75,-227.75
2026-03-02 14:00:00+00:00,4.25,183.25,-179.0,-179.0
2026-03-02 15:00:00+00:00,0.0,485.25,-485.25,-485.25
2026-03-02 16:00:00+00:00,0.0,673.0,-673.0,-673.0
2026-03-02 17:00:00+00:00,0.0,863.25,-863.25,-863.25
2026-03-02 18:00:00+00:00,0.0,1050.0,-1050.0,-1050.0
2026-03-02 19:00:00+00:00,0.0,1050.0,-1050.0,-1050.0
2026-03-02 20:00:00+00:00,0.0,1050.0,-1050.0,-1050.0
2026-03-02 21:00:00+00:00,0.0,1050.0,-1050.0,-1050.0
2026-03-02 22:00:00+00:00,0.0,1046.5,-1046.5,-1046.5
2026-03-02 23:00:00+00:00,0.0,913.75,-913.75,-913.75
2026-03-03 00:00:00+00:00,0.0,756.25,-756.25,-756.25
2026-03-03 01:00:00+00:00,0.0,723.25,-723.25,-723.25
2026-03-03 02:00:00+00:00,0.0,714.0,-714.0,-714.0
2026-03-03 03:00:00+00:00,0.0,745.5,-745.5,-745.5
2026-03-03 04:00:00+00:00,0.0,828.75,-828.75,-828.75
2026-03-03 05:00:00+00:00,0.0,901.75,-901.75,-901.75
2026-03-03 06:00:00+00:00,0.0,321.75,-321.75,-321.75
2026-03-03 07:00:00+00:00,22.75,494.0,-471.25,-471.25
2026-03-03 08:00:00+00:00,0.0,388.5,-388.5,-388.5
2026-03-03 09:00:00+00:00,0.0,158.25,-158.25,-158.25
2026-03-03 10:00:00+00:00,0.0,35.75,-35.75,-35.75
2026-03-03 11:00:00+00:00,50.75,0.0,50.75,50.75
2026-03-03 12:00:00+00:00,13.25,36.25,-23.0,-23.0
2026-03-03 13:00:00+00:00,0.0,221.5,-221.5,-221.5
2026-03-03 14:00:00+00:00,0.0,486.5,-486.5,-486.5
2026-03-03 15:00:00+00:00,0.0,995.25,-995.25,-995.25
2026-03-03 16:00:00+00:00,0.0,844.25,-844.25,-844.25
2026-03-03 17:00:00+00:00,0.0,885.0,-885.0,-885.0
2026-03-03 18:00:00+00:00,0.0,912.25,-912.25,-912.25
2026-03-03 19:00:00+00:00,0.0,1050.0,-1050.0,-1050.0
2026-03-03 20:00:00+00:00,0.0,1050.0,-1050.0,-1050.0
2026-03-03 21:00:00+00:00,0.0,1050.0,-1050.0,-1050.0
2026-03-03 22:00:00+00:00,0.0,1025.25,-1025.25,-1025.25
2026-03-03 23:00:00+00:00,0.0,721.0,-721.0,-721.0
2026-03-04 00:00:00+00:00,0.0,615.0,-615.0,-615.0
2026-03-04 01:00:00+00:00,0.0,543.75,-543.75,-543.75
2026-03-04 02:00:00+00:00,0.0,515.25,-515.25,-515.25
2026-03-04 03:00:00+00:00,0.0,461.25,-461.25,-461.25
2026-03-04 04:00:00+00:00,0.0,457.25,-457.25,-457.25
2026-03-04 05:00:00+00:00,91.5,239.75,-148.25,-148.25
2026-03-04 06:00:00+00:00,153.5,0.0,153.5,153.5
2026-03-04 07:00:00+00:00,0.0,387.25,-387.25,-387.25
2026-03-04 08:00:00+00:00,0.0,196.5,-196.5,-196.5
2026-03-04 09:00:00+00:00,110.0,0.0,110.0,110.0
2026-03-04 10:00:00+00:00,312.25,0.0,312.25,312.25
2026-03-04 11:00:00+00:00,420.25,0.0,420.25,420.25
2026-03-04 12:00:00+00:00,401.25,0.0,401.25,401.25
2026-03-04 13:00:00+00:00,267.75,0.0,267.75,267.75
2026-03-04 14:00:00+00:00,51.75,3.75,48.0,48.0
2026-03-04 15:00:00+00:00,0.0,263.5,-263.5,-263.5
2026-03-04 16:00:00+00:00,0.0,559.25,-559.25,-559.25
2026-03-04 17:00:00+00:00,0.0,607.75,-607.75,-607.75
2026-03-04 18:00:00+00:00,0.0,903.5,-903.5,-903.5
2026-03-04 19:00:00+00:00,0.0,1009.75,-1009.75,-1009.75
2026-03-04 20:00:00+00:00,0.0,928.25,-928.25,-928.25
2026-03-04 21:00:00+00:00,0.0,1032.75,-1032.75,-1032.75
2026-03-04 22:00:00+00:00,0.0,855.0,-855.0,-855.0
2026-03-04 23:00:00+00:00,0.0,748.75,-748.75,-748.75
2026-03-05 00:00:00+00:00,0.0,636.5,-636.5,-636.5
2026-03-05 01:00:00+00:00,0.0,595.5,-595.5,-595.5
2026-03-05 02:00:00+00:00,0.0,595.25,-595.25,-595.25
2026-03-05 03:00:00+00:00,0.0,606.0,-606.0,-606.0
2026-03-05 04:00:00+00:00,0.0,687.75,-687.75,-687.75
2026-03-05 05:00:00+00:00,0.0,788.75,-788.75,-788.75
2026-03-05 06:00:00+00:00,0.0,532.0,-532.0,-532.0
2026-03-05 07:00:00+00:00,0.0,414.75,-414.75,-414.75
2026-03-05 08:00:00+00:00,0.0,206.75,-206.75,-206.75
2026-03-05 09:00:00+00:00,84.25,0.0,84.25,84.25
2026-03-05 10:00:00+00:00,231.0,0.0,231.0,231.0
2026-03-05 11:00:00+00:00,332.25,0.0,332.25,332.25
2026-03-05 12:00:00+00:00,312.0,0.0,312.0,312.0
2026-03-05 13:00:00+00:00,54.5,3.5,51.0,51.0
2026-03-05 14:00:00+00:00,0.0,228.5,-228.5,-228.5
2026-03-05 15:00:00+00:00,0.0,689.0,-689.0,-689.0
2026-03-05 16:00:00+00:00,0.0,982.25,-982.25,-982.25
2026-03-05 17:00:00+00:00,0.0,595.0,-595.0,-595.0
2026-03-05 18:00:00+00:00,0.0,878.75,-878.75,-878.75
2026-03-05 19:00:00+00:00,0.0,1050.0,-1050.0,-1050.0
2026-03-05 20:00:00+00:00,0.0,1036.5,-1036.5,-1036.5
2026-03-05 21:00:00+00:00,0.0,739.25,-739.25,-739.25
2026-03-05 22:00:00+00:00,0.0,445.0,-445.0,-445.0
2026-03-05 23:00:00+00:00,0.0,102.5,-102.5,-102.5
2026-03-06 00:00:00+00:00,37.25,4.25,33.0,33.0
2026-03-06 01:00:00+00:00,97.5,0.0,97.5,97.5
2026-03-06 02:00:00+00:00,134.75,0.0,134.75,134.75
2026-03-06 03:00:00+00:00,125.0,0.0,125.0,125.0
2026-03-06 04:00:00+00:00,62.5,0.0,62.5,62.5
2026-03-06 05:00:00+00:00,174.0,29.5,144.5,144.5
2026-03-06 06:00:00+00:00,5.5,113.0,-107.5,-107.5
2026-03-06 07:00:00+00:00,0.0,284.75,-284.75,-284.75
2026-03-06 08:00:00+00:00,0.0,191.5,-191.5,-191.5
2026-03-06 09:00:00+00:00,4.25,14.0,-9.75,-9.75
2026-03-06 10:00:00+00:00,12.0,0.0,12.0,12.0
2026-03-06 11:00:00+00:00,43.0,0.0,43.0,43.0
2026-03-06 12:00:00+00:00,0.0,52.5,-52.5,-52.5
2026-03-06 13:00:00+00:00,0.0,159.0,-159.0,-159.0
2026-03-06 14:00:00+00:00,0.0,224.75,-224.75,-224.75
2026-03-06 15:00:00+00:00,0.0,452.0,-452.0,-452.0
2026-03-06 16:00:00+00:00,3.25,482.25,-479.0,-479.0
2026-03-06 17:00:00+00:00,0.0,490.0,-490.0,-490.0
2026-03-06 18:00:00+00:00,0.0,669.75,-669.75,-669.75
2026-03-06 19:00:00+00:00,0.0,1050.0,-1050.0,-1050.0
2026-03-06 20:00:00+00:00,0.0,1047.25,-1047.25,-1047.25
2026-03-06 21:00:00+00:00,0.0,792.25,-792.25,-792.25
2026-03-06 22:00:00+00:00,0.0,648.5,-648.5,-648.5
2026-03-06 23:00:00+00:00,0.0,567.25,-567.25,-567.25
