,ES_PT,PT_ES,PT_ES_net_export,Net Export
2026-01-01 00:00:00+00:00,21.025,68.5,47.475,47.475
2026-01-01 01:00:00+00:00,0.0,205.75,205.75,205.75
2026-01-01 02:00:00+00:00,351.6,0.0,-351.6,-351.6
2026-01-01 03:00:00+00:00,703.275,0.0,-703.275,-703.275
2026-01-01 04:00:00+00:00,944.6,0.0,-944.6,-944.6
2026-01-01 05:00:00+00:00,736.8,0.0,-736.8,-736.8
2026-01-01 06:00:00+00:00,178.925,0.0,-178.925,-178.925
2026-01-01 07:00:00+00:00,530.775,0.0,-530.775,-530.775
2026-01-01 08:00:00+00:00,888.9,0.0,-888.9,-888.9
2026-01-01 09:00:00+00:00,1347.775,0.0,-1347.775,-1347.775
2026-01-01 10:00:00+00:00,1704.7,0.0,-1704.7,-1704.7
2026-01-01 11:00:00+00:00,1905.85,0.0,-1905.85,-1905.85
2026-01-01 12:00:00+00:00,1881.9,0.0,-1881.9,-1881.9
2026-01-01 13:00:00+00:00,1508.05,0.0,-1508.05,-1508.05
2026-01-01 14:00:00+00:00,1556.175,0.0,-1556.175,-1556.175
2026-01-01 15:00:00+00:00,453.05,151.7,-301.35,-301.35
2026-01-01 16:00:00+00:00,0.0,1099.2,1099.2,1099.2
2026-01-01 17:00:00+00:00,0.0,2134.7,2134.7,2134.7
2026-01-01 18:00:00+00:00,0.0,2319.575,2319.575,2319.575
2026-01-01 19:00:00+00:00,0.0,2477.5,2477.5,2477.5
2026-01-01 20:00:00+00:00,0.0,2394.825,2394.825,2394.825
2026-01-01 21:00:00+00:00,0.0,2311.0499999999997,2311.0499999999997,2311.0499999999997
2026-01-01 22:00:00+00:00,0.0,1575.875,1575.875,1575.875
2026-01-01 23:00:00+00:00,262.70000000000005,110.95,-151.75000000000006,-151.75000000000006
2026-01-02 00:00:00+00:00,944.675,0.0,-944.675,-944.675
2026-01-02 01:00:00+00:00,710.225,0.0,-710.225,-710.225
2026-01-02 02:00:00+00:00,361.975,0.0,-361.975,-361.975
2026-01-02 03:00:00+00:00,300.175,0.0,-300.175,-300.175
2026-01-02 04:00:00+00:00,207.175,0.0,-207.175,-207.175
2026-01-02 05:00:00+00:00,79.825,27.85,-51.975,-51.975
2026-01-02 06:00:00+00:00,0.0,1328.2,1328.2,1328.2
2026-01-02 07:00:00+00:00,0.0,2114.45,2114.45,2114.45
2026-01-02 08:00:00+00:00,0.0,2013.9250000000002,2013.9250000000002,2013.9250000000002
2026-01-02 09:00:00+00:00,0.0,1327.45,1327.45,1327.45
2026-01-02 10:00:00+00:00,0.0,473.47499999999997,473.47499999999997,473.47499999999997
2026-01-02 11:00:00+00:00,23.775000000000002,197.925,174.15,174.15
2026-01-02 12:00:00+00:00,191.6,0.0,-191.6,-191.6
2026-01-02 13:00:00+00:00,313.875,0.0,-313.875,-313.875
2026-01-02 14:00:00+00:00,44.15,148.95,104.79999999999998,104.79999999999998
2026-01-02 15:00:00+00:00,0.0,1138.275,1138.275,1138.275
2026-01-02 16:00:00+00:00,0.0,2126.775,2126.775,2126.775
2026-01-02 17:00:00+00:00,0.0,2500.0,2500.0,2500.0
2026-01-02 18:00:00+00:00,0.0,1998.775,1998.775,1998.775
2026-01-02 19:00:00+00:00,0.0,1518.8999999999999,1518.8999999999999,1518.8999999999999
2026-01-02 20:00:00+00:00,0.0,1667.225,1667.225,1667.225
2026-01-02 21:00:00+00:00,0.0,1406.1,1406.1,1406.1
2026-01-02 22:00:00+00:00,0.0,943.575,943.575,943.575
2026-01-02 23:00:00+00:00,0.0,774.275,774.275,774.275
2026-01-03 00:00:00+00:00,0.0,1012.4749999999999,1012.4749999999999,1012.4749999999999
2026-01-03 01:00:00+00:00,0.0,1054.075,1054.075,1054.075
2026-01-03 02:00:00+00:00,0.0,1104.75,1104.75,1104.75
2026-01-03 03:00:00+00:00,0.0,1276.05,1276.05,1276.05
2026-01-03 04:00:00+00:00,0.0,1518.425,1518.425,1518.425
2026-01-03 05:00:00+00:00,0.0,1434.5,1434.5,1434.5
2026-01-03 06:00:00+00:00,0.0,1609.25,1609.25,1609.25
2026-01-03 07:00:00+00:00,0.0,1962.025,1962.025,1962.025
2026-01-03 08:00:00+00:00,0.0,2440.375,2440.375,2440.375
2026-01-03 09:00:00+00:00,0.0,2013.425,2013.425,2013.425
2026-01-03 10:00:00+00:00,0.0,1132.0,1132.0,1132.0
2026-01-03 11:00:00+00:00,0.0,502.04999999999995,502.04999999999995,502.04999999999995
2026-01-03 12:00:00+00:00,0.0,284.92499999999995,284.92499999999995,284.92499999999995
2026-01-03 13:00:00+00:00,0.0,500.55,500.55,500.55
2026-01-03 14:00:00+00:00,0.0,832.7750000000001,832.7750000000001,832.7750000000001
2026-01-03 15:00:00+00:00,0.0,2001.325,2001.325,2001.325
2026-01-03 16:00:00+00:00,0.0,2442.15,2442.15,2442.15
2026-01-03 17:00:00+00:00,0.0,2051.375,2051.375,2051.375
2026-01-03 18:00:00+00:00,0.0,1400.325,1400.325,1400.325
2026-01-03 19:00:00+00:00,0.0,414.35,414.35,414.35
2026-01-03 20:00:00+00:00,167.39999999999998,44.725,-122.67499999999998,-122.67499999999998
2026-01-03 21:00:00+00:00,148.9,80.72500000000001,-68.175,-68.175
2026-01-03 22:00:00+00:00,579.3499999999999,0.0,-579.3499999999999,-579.3499999999999
2026-01-03 23:00:00+00:00,18.675,359.05,340.375,340.375
2026-01-04 00:00:00+00:00,771.175,0.0,-771.175,-771.175
2026-01-04 01:00:00+00:00,1906.2,0.0,-1906.2,-1906.2
2026-01-04 02:00:00+00:00,1687.05,0.0,-1687.05,-1687.05
2026-01-04 03:00:00+00:00,1615.575,0.0,-1615.575,-1615.575
2026-01-04 04:00:00+00:00,1749.075,0.0,-1749.075,-1749.075
2026-01-04 05:00:00+00:00,1532.525,0.0,-1532.525,-1532.525
2026-01-04 06:00:00+00:00,1499.65,0.0,-1499.65,-1499.65
2026-01-04 07:00:00+00:00,1593.475,0.0,-1593.475,-1593.475
2026-01-04 08:00:00+00:00,1698.775,0.0,-1698.775,-1698.775
2026-01-04 09:00:00+00:00,1815.925,0.0,-1815.925,-1815.925
2026-01-04 10:00:00+00:00,1933.65,0.0,-1933.65,-1933.65
2026-01-04 11:00:00+00:00,2337.4,0.0,-2337.4,-2337.4
2026-01-04 12:00:00+00:00,2429.45,0.0,-2429.45,-2429.45
2026-01-04 13:00:00+00:00,2180.4,0.0,-2180.4,-2180.4
2026-01-04 14:00:00+00:00,2250.0,0.0,-2250.0,-2250.0
2026-01-04 15:00:00+00:00,1912.525,0.0,-1912.525,-1912.525
2026-01-04 16:00:00+00:00,1649.975,0.0,-1649.975,-1649.975
2026-01-04 17:00:00+00:00,346.55,0.0,-346.55,-346.55
2026-01-04 18:00:00+00:00,436.325,0.0,-436.325,-436.325
2026-01-04 19:00:00+00:00,0.0,136.0,136.0,136.0
2026-01-04 20:00:00+00:00,0.0,528.15,528.15,528.15
2026-01-04 21:00:00+00:00,81.925,401.65,319.72499999999997,319.72499999999997
2026-01-04 22:00:00+00:00,440.275,59.775,-380.5,-380.5
2026-01-04 23:00:00+00:00,1043.6,0.0,-1043.6,-1043.6
2026-01-05 00:00:00+00:00,1272.075,0.0,-1272.075,-1272.075
2026-01-05 01:00:00+00:00,1359.725,0.0,-1359.725,-1359.725
2026-01-05 02:00:00+00:00,1503.575,0.0,-1503.575,-1503.575
2026-01-05 03:00:00+00:00,1282.0,0.0,-1282.0,-1282.0
2026-01-05 04:00:00+00:00,579.275,0.0,-579.275,-579.275
2026-01-05 05:00:00+00:00,96.375,170.575,74.19999999999999,74.19999999999999
2026-01-05 06:00:00+00:00,0.0,908.0,908.0,908.0
2026-01-05 07:00:00+00:00,0.0,1363.35,1363.35,1363.35
2026-01-05 08:00:00+00:00,0.0,1312.025,1312.025,1312.025
2026-01-05 09:00:00+00:00,0.0,938.225,938.225,938.225
2026-01-05 10:00:00+00:00,66.02499999999999,161.15,95.12500000000001,95.12500000000001
2026-01-05 11:00:00+00:00,257.35,0.0,-257.35,-257.35
2026-01-05 12:00:00+00:00,312.725,0.0,-312.725,-312.725
2026-01-05 13:00:00+00:00,423.7,0.0,-423.7,-423.7
2026-01-05 14:00:00+00:00,875.65,0.0,-875.65,-875.65
2026-01-05 15:00:00+00:00,627.625,0.0,-627.625,-627.625
2026-01-05 16:00:00+00:00,110.125,281.57500000000005,171.45000000000005,171.45000000000005
2026-01-05 17:00:00+00:00,0.0,869.725,869.725,869.725
2026-01-05 18:00:00+00:00,0.0,619.025,619.025,619.025
2026-01-05 19:00:00+00:00,0.0,424.825,424.825,424.825
2026-01-05 20:00:00+00:00,0.0,322.55,322.55,322.55
2026-01-05 21:00:00+00:00,14.3,217.0,202.7,202.7
2026-01-05 22:00:00+00:00,11.85,150.45,138.6,138.6
2026-01-05 23:00:00+00:00,50.35,302.22499999999997,251.87499999999997,251.87499999999997
2026-01-06 00:00:00+00:00,172.125,71.775,-100.35,-100.35
2026-01-06 01:00:00+00:00,671.975,0.0,-671.975,-671.975
2026-01-06 02:00:00+00:00,1431.0,0.0,-1431.0,-1431.0
2026-01-06 03:00:00+00:00,1329.45,0.0,-1329.45,-1329.45
2026-01-06 04:00:00+00:00,1410.1,0.0,-1410.1,-1410.1
2026-01-06 05:00:00+00:00,1746.3,0.0,-1746.3,-1746.3
2026-01-06 06:00:00+00:00,2024.225,0.0,-2024.225,-2024.225
2026-01-06 07:00:00+00:00,2762.95,0.0,-2762.95,-2762.95
2026-01-06 08:00:00+00:00,3610.525,0.0,-3610.525,-3610.525
2026-01-06 09:00:00+00:00,4300.0,0.0,-4300.0,-4300.0
2026-01-06 10:00:00+00:00,4007.0,0.0,-4007.0,-4007.0
2026-01-06 11:00:00+00:00,4007.0,0.0,-4007.0,-4007.0
2026-01-06 12:00:00+00:00,4007.0,0.0,-4007.0,-4007.0
2026-01-06 13:00:00+00:00,4007.0,0.0,-4007.0,-4007.0
2026-01-06 14:00:00+00:00,4141.2,0.0,-4141.2,-4141.2
2026-01-06 15:00:00+00:00,3838.125,0.0,-3838.125,-3838.125
2026-01-06 16:00:00+00:00,2262.4500000000003,0.0,-2262.4500000000003,-2262.4500000000003
2026-01-06 17:00:00+00:00,481.3,0.0,-481.3,-481.3
2026-01-06 18:00:00+00:00,432.95,0.0,-432.95,-432.95
2026-01-06 19:00:00+00:00,367.675,0.0,-367.675,-367.675
2026-01-06 20:00:00+00:00,729.35,0.0,-729.35,-729.35
2026-01-06 21:00:00+00:00,1166.45,0.0,-1166.45,-1166.45
2026-01-06 22:00:00+00:00,2491.275,0.0,-2491.275,-2491.275
2026-01-06 23:00:00+00:00,2403.125,0.0,-2403.125,-2403.125
2026-01-07 00:00:00+00:00,2645.2,0.0,-2645.2,-2645.2
2026-01-07 01:00:00+00:00,2632.625,0.0,-2632.625,-2632.625
2026-01-07 02:00:00+00:00,3245.95,0.0,-3245.95,-3245.95
2026-01-07 03:00:00+00:00,3230.275,0.0,-3230.275,-3230.275
2026-01-07 04:00:00+00:00,2477.45,0.0,-2477.45,-2477.45
2026-01-07 05:00:00+00:00,1370.325,0.0,-1370.325,-1370.325
2026-01-07 06:00:00+00:00,90.05,152.425,62.375000000000014,62.375000000000014
2026-01-07 07:00:00+00:00,0.0,319.40000000000003,319.40000000000003,319.40000000000003
2026-01-07 08:00:00+00:00,988.125,0.0,-988.125,-988.125
2026-01-07 09:00:00+00:00,2458.275,0.0,-2458.275,-2458.275
2026-01-07 10:00:00+00:00,2640.3,0.0,-2640.3,-2640.3
2026-01-07 11:00:00+00:00,2406.975,0.0,-2406.975,-2406.975
2026-01-07 12:00:00+00:00,2212.075,0.0,-2212.075,-2212.075
2026-01-07 13:00:00+00:00,2516.5,0.0,-2516.5,-2516.5
2026-01-07 14:00:00+00:00,2090.975,0.0,-2090.975,-2090.975
2026-01-07 15:00:00+00:00,1527.675,0.0,-1527.675,-1527.675
2026-01-07 16:00:00+00:00,647.9250000000001,0.0,-647.9250000000001,-647.9250000000001
2026-01-07 17:00:00+00:00,271.375,0.0,-271.375,-271.375
2026-01-07 18:00:00+00:00,738.375,0.0,-738.375,-738.375
2026-01-07 19:00:00+00:00,1574.375,0.0,-1574.375,-1574.375
2026-01-07 20:00:00+00:00,1933.775,0.0,-1933.775,-1933.775
2026-01-07 21:00:00+00:00,2455.675,0.0,-2455.675,-2455.675
2026-01-07 22:00:00+00:00,2709.6,0.0,-2709.6,-2709.6
2026-01-07 23:00:00+00:00,2566.85,0.0,-2566.85,-2566.85
2026-01-08 00:00:00+00:00,1994.375,0.0,-1994.375,-1994.375
2026-01-08 01:00:00+00:00,1801.15,0.0,-1801.15,-1801.15
2026-01-08 02:00:00+00:00,1886.5500000000002,0.0,-1886.5500000000002,-1886.5500000000002
2026-01-08 03:00:00+00:00,1821.7,0.0,-1821.7,-1821.7
2026-01-08 04:00:00+00:00,1432.15,0.0,-1432.15,-1432.15
2026-01-08 05:00:00+00:00,1162.25,0.0,-1162.25,-1162.25
2026-01-08 06:00:00+00:00,153.45,79.15,-74.29999999999998,-74.29999999999998
2026-01-08 07:00:00+00:00,30.125,63.5,33.375,33.375
2026-01-08 08:00:00+00:00,1351.4499999999998,0.0,-1351.4499999999998,-1351.4499999999998
2026-01-08 09:00:00+00:00,2669.25,0.0,-2669.25,-2669.25
2026-01-08 10:00:00+00:00,3359.2749999999996,0.0,-3359.2749999999996,-3359.2749999999996
2026-01-08 11:00:00+00:00,2800.075,0.0,-2800.075,-2800.075
2026-01-08 12:00:00+00:00,2294.95,0.0,-2294.95,-2294.95
2026-01-08 13:00:00+00:00,2366.275,0.0,-2366.275,-2366.275
2026-01-08 14:00:00+00:00,2503.075,0.0,-2503.075,-2503.075
2026-01-08 15:00:00+00:00,2116.35,0.0,-2116.35,-2116.35
2026-01-08 16:00:00+00:00,1036.325,62.6,-973.725,-973.725
2026-01-08 17:00:00+00:00,0.0,324.875,324.875,324.875
2026-01-08 18:00:00+00:00,0.0,100.0,100.0,100.0
2026-01-08 19:00:00+00:00,35.775,0.0,-35.775,-35.775
2026-01-08 20:00:00+00:00,236.275,0.0,-236.275,-236.275
2026-01-08 21:00:00+00:00,662.625,0.0,-662.625,-662.625
2026-01-08 22:00:00+00:00,1376.65,0.0,-1376.65,-1376.65
2026-01-08 23:00:00+00:00,1284.3,0.0,-1284.3,-1284.3
2026-01-09 00:00:00+00:00,1721.35,0.0,-1721.35,-1721.35
2026-01-09 01:00:00+00:00,1729.375,0.0,-1729.375,-1729.375
2026-01-09 02:00:00+00:00,2125.2,0.0,-2125.2,-2125.2
2026-01-09 03:00:00+00:00,2171.575,0.0,-2171.575,-2171.575
2026-01-09 04:00:00+00:00,1876.6,0.0,-1876.6,-1876.6
2026-01-09 05:00:00+00:00,860.65,0.0,-860.65,-860.65
2026-01-09 06:00:00+00:00,111.975,167.775,55.80000000000001,55.80000000000001
2026-01-09 07:00:00+00:00,0.0,504.375,504.375,504.375
2026-01-09 08:00:00+00:00,1159.475,0.0,-1159.475,-1159.475
2026-01-09 09:00:00+00:00,2213.275,0.0,-2213.275,-2213.275
2026-01-09 10:00:00+00:00,2903.325,0.0,-2903.325,-2903.325
2026-01-09 11:00:00+00:00,3347.975,0.0,-3347.975,-3347.975
2026-01-09 12:00:00+00:00,3164.425,0.0,-3164.425,-3164.425
2026-01-09 13:00:00+00:00,3343.375,0.0,-3343.375,-3343.375
2026-01-09 14:00:00+00:00,3059.175,0.0,-3059.175,-3059.175
2026-01-09 15:00:00+00:00,2554.15,0.0,-2554.15,-2554.15
2026-01-09 16:00:00+00:00,1293.075,0.0,-1293.075,-1293.075
2026-01-09 17:00:00+00:00,22.125,100.35,78.225,78.225
2026-01-09 18:00:00+00:00,26.025,112.5,86.475,86.475
2026-01-09 19:00:00+00:00,501.625,0.0,-501.625,-501.625
2026-01-09 20:00:00+00:00,1084.925,0.0,-1084.925,-1084.925
2026-01-09 21:00:00+00:00,1365.975,0.0,-1365.975,-1365.975
2026-01-09 22:00:00+00:00,2176.175,0.0,-2176.175,-2176.175
2026-01-09 23:00:00+00:00,2147.1499999999996,0.0,-2147.1499999999996,-2147.1499999999996
2026-01-10 00:00:00+00:00,1975.275,0.0,-1975.275,-1975.275
2026-01-10 01:00:00+00:00,2203.45,0.0,-2203.45,-2203.45
2026-01-10 02:00:00+00:00,2488.925,0.0,-2488.925,-2488.925
2026-01-10 03:00:00+00:00,2528.625,0.0,-2528.625,-2528.625
2026-01-10 04:00:00+00:00,2477.55,0.0,-2477.55,-2477.55
2026-01-10 05:00:00+00:00,1546.025,0.0,-1546.025,-1546.025
2026-01-10 06:00:00+00:00,1397.15,0.0,-1397.15,-1397.15
2026-01-10 07:00:00+00:00,921.7750000000001,0.0,-921.7750000000001,-921.7750000000001
2026-01-10 08:00:00+00:00,583.6,40.375,-543.225,-543.225
2026-01-10 09:00:00+00:00,2083.525,0.0,-2083.525,-2083.525
2026-01-10 10:00:00+00:00,3457.825,0.0,-3457.825,-3457.825
2026-01-10 11:00:00+00:00,4016.275,0.0,-4016.275,-4016.275
2026-01-10 12:00:00+00:00,4399.375,0.0,-4399.375,-4399.375
2026-01-10 13:00:00+00:00,4338.8,0.0,-4338.8,-4338.8
2026-01-10 14:00:00+00:00,3884.1749999999997,0.0,-3884.1749999999997,-3884.1749999999997
2026-01-10 15:00:00+00:00,2618.275,0.0,-2618.275,-2618.275
2026-01-10 16:00:00+00:00,729.3,0.0,-729.3,-729.3
2026-01-10 17:00:00+00:00,0.0,206.0,206.0,206.0
2026-01-10 18:00:00+00:00,17.975,14.225,-3.7500000000000018,-3.7500000000000018
2026-01-10 19:00:00+00:00,275.775,0.0,-275.775,-275.775
2026-01-10 20:00:00+00:00,685.35,0.0,-685.35,-685.35
2026-01-10 21:00:00+00:00,331.05,0.0,-331.05,-331.05
2026-01-10 22:00:00+00:00,174.825,18.0,-156.825,-156.825
2026-01-10 23:00:00+00:00,1181.825,0.0,-1181.825,-1181.825
2026-01-11 00:00:00+00:00,1743.0,0.0,-1743.0,-1743.0
2026-01-11 01:00:00+00:00,1935.4,0.0,-1935.4,-1935.4
2026-01-11 02:00:00+00:00,1596.25,0.0,-1596.25,-1596.25
2026-01-11 03:00:00+00:00,1208.75,0.0,-1208.75,-1208.75
2026-01-11 04:00:00+00:00,895.9,0.0,-895.9,-895.9
2026-01-11 05:00:00+00:00,830.275,0.0,-830.275,-830.275
2026-01-11 06:00:00+00:00,630.1,0.0,-630.1,-630.1
2026-01-11 07:00:00+00:00,104.69999999999999,95.825,-8.874999999999986,-8.874999999999986
2026-01-11 08:00:00+00:00,1159.425,69.675,-1089.75,-1089.75
2026-01-11 09:00:00+00:00,2486.5499999999997,0.0,-2486.5499999999997,-2486.5499999999997
2026-01-11 10:00:00+00:00,2995.625,0.0,-2995.625,-2995.625
2026-01-11 11:00:00+00:00,3686.6,0.0,-3686.6,-3686.6
2026-01-11 12:00:00+00:00,3748.0,0.0,-3748.0,-3748.0
2026-01-11 13:00:00+00:00,3668.075,0.0,-3668.075,-3668.075
2026-01-11 14:00:00+00:00,3396.6,0.0,-3396.6,-3396.6
2026-01-11 15:00:00+00:00,2000.3,0.0,-2000.3,-2000.3
2026-01-11 16:00:00+00:00,487.55,205.425,-282.125,-282.125
2026-01-11 17:00:00+00:00,0.0,1318.25,1318.25,1318.25
2026-01-11 18:00:00+00:00,0.0,520.775,520.775,520.775
2026-01-11 19:00:00+00:00,542.075,0.0,-542.075,-542.075
2026-01-11 20:00:00+00:00,274.325,0.0,-274.325,-274.325
2026-01-11 21:00:00+00:00,507.975,0.0,-507.975,-507.975
2026-01-11 22:00:00+00:00,1267.2,0.0,-1267.2,-1267.2
2026-01-11 23:00:00+00:00,1376.0,0.0,-1376.0,-1376.0
2026-01-12 00:00:00+00:00,1118.0,0.0,-1118.0,-1118.0
2026-01-12 01:00:00+00:00,1502.0,0.0,-1502.0,-1502.0
2026-01-12 02:00:00+00:00,1538.4,0.0,-1538.4,-1538.4
2026-01-12 03:00:00+00:00,1640.175,0.0,-1640.175,-1640.175
2026-01-12 04:00:00+00:00,1021.3499999999999,0.0,-1021.3499999999999,-1021.3499999999999
2026-01-12 05:00:00+00:00,65.425,727.025,661.6,661.6
2026-01-12 06:00:00+00:00,0.0,2081.4,2081.4,2081.4
2026-01-12 07:00:00+00:00,0.0,2307.725,2307.725,2307.725
2026-01-12 08:00:00+00:00,149.2,1085.35,936.1499999999999,936.1499999999999
2026-01-12 09:00:00+00:00,599.175,57.175,-542.0,-542.0
2026-01-12 10:00:00+00:00,1554.325,0.0,-1554.325,-1554.325
2026-01-12 11:00:00+00:00,2037.975,0.0,-2037.975,-2037.975
2026-01-12 12:00:00+00:00,2053.1,0.0,-2053.1,-2053.1
2026-01-12 13:00:00+00:00,2024.55,0.0,-2024.55,-2024.55
2026-01-12 14:00:00+00:00,1759.175,0.0,-1759.175,-1759.175
2026-01-12 15:00:00+00:00,935.6,87.475,-848.125,-848.125
2026-01-12 16:00:00+00:00,1.825,1143.55,1141.725,1141.725
2026-01-12 17:00:00+00:00,0.0,2110.05,2110.05,2110.05
2026-01-12 18:00:00+00:00,0.0,1857.575,1857.575,1857.575
2026-01-12 19:00:00+00:00,0.0,1780.425,1780.425,1780.425
2026-01-12 20:00:00+00:00,0.0,1695.675,1695.675,1695.675
2026-01-12 21:00:00+00:00,0.0,858.075,858.075,858.075
2026-01-12 22:00:00+00:00,63.875,91.125,27.25,27.25
2026-01-12 23:00:00+00:00,4.0,183.925,179.925,179.925
2026-01-13 00:00:00+00:00,242.075,59.975,-182.1,-182.1
2026-01-13 01:00:00+00:00,178.85,3.175,-175.67499999999998,-175.67499999999998
2026-01-13 02:00:00+00:00,681.625,0.0,-681.625,-681.625
2026-01-13 03:00:00+00:00,1298.775,0.0,-1298.775,-1298.775
2026-01-13 04:00:00+00:00,752.75,0.0,-752.75,-752.75
2026-01-13 05:00:00+00:00,0.0,1057.925,1057.925,1057.925
2026-01-13 06:00:00+00:00,0.0,2072.225,2072.225,2072.225
2026-01-13 07:00:00+00:00,0.0,2213.225,2213.225,2213.225
2026-01-13 08:00:00+00:00,89.125,610.15,521.025,521.025
2026-01-13 09:00:00+00:00,655.4,16.2,-639.1999999999999,-639.1999999999999
2026-01-13 10:00:00+00:00,1495.4499999999998,0.0,-1495.4499999999998,-1495.4499999999998
2026-01-13 11:00:00+00:00,2273.65,0.0,-2273.65,-2273.65
2026-01-13 12:00:00+00:00,2922.4,0.0,-2922.4,-2922.4
2026-01-13 13:00:00+00:00,2666.875,0.0,-2666.875,-2666.875
2026-01-13 14:00:00+00:00,1850.1,0.0,-1850.1,-1850.1
2026-01-13 15:00:00+00:00,1875.9250000000002,0.0,-1875.9250000000002,-1875.9250000000002
2026-01-13 16:00:00+00:00,1305.2,0.0,-1305.2,-1305.2
2026-01-13 17:00:00+00:00,502.925,0.0,-502.925,-502.925
2026-01-13 18:00:00+00:00,346.85,0.0,-346.85,-346.85
2026-01-13 19:00:00+00:00,366.725,0.0,-366.725,-366.725
2026-01-13 20:00:00+00:00,787.6,0.0,-787.6,-787.6
2026-01-13 21:00:00+00:00,1669.025,0.0,-1669.025,-1669.025
2026-01-13 22:00:00+00:00,2163.55,0.0,-2163.55,-2163.55
2026-01-13 23:00:00+00:00,2112.225,0.0,-2112.225,-2112.225
2026-01-14 00:00:00+00:00,2134.975,0.0,-2134.975,-2134.975
2026-01-14 01:00:00+00:00,2086.2,0.0,-2086.2,-2086.2
2026-01-14 02:00:00+00:00,2045.425,0.0,-2045.425,-2045.425
2026-01-14 03:00:00+00:00,2066.725,0.0,-2066.725,-2066.725
2026-01-14 04:00:00+00:00,1678.025,0.0,-1678.025,-1678.025
2026-01-14 05:00:00+00:00,835.825,27.575,-808.25,-808.25
2026-01-14 06:00:00+00:00,0.0,1555.8,1555.8,1555.8
2026-01-14 07:00:00+00:00,0.0,1717.55,1717.55,1717.55
2026-01-14 08:00:00+00:00,0.0,1000.15,1000.15,1000.15
2026-01-14 09:00:00+00:00,0.0,325.65,325.65,325.65
2026-01-14 10:00:00+00:00,1021.0,0.0,-1021.0,-1021.0
2026-01-14 11:00:00+00:00,2781.4,0.0,-2781.4,-2781.4
2026-01-14 12:00:00+00:00,2961.55,0.0,-2961.55,-2961.55
2026-01-14 13:00:00+00:00,2932.1,0.0,-2932.1,-2932.1
2026-01-14 14:00:00+00:00,2749.725,0.0,-2749.725,-2749.725
2026-01-14 15:00:00+00:00,948.475,0.0,-948.475,-948.475
2026-01-14 16:00:00+00:00,202.25,102.5,-99.75,-99.75
2026-01-14 17:00:00+00:00,0.0,198.8,198.8,198.8
2026-01-14 18:00:00+00:00,167.5,1.075,-166.425,-166.425
2026-01-14 19:00:00+00:00,668.275,0.0,-668.275,-668.275
2026-01-14 20:00:00+00:00,700.0,0.0,-700.0,-700.0
2026-01-14 21:00:00+00:00,700.0,0.0,-700.0,-700.0
2026-01-14 22:00:00+00:00,698.9,0.0,-698.9,-698.9
2026-01-14 23:00:00+00:00,1558.975,0.0,-1558.975,-1558.975
2026-01-15 00:00:00+00:00,1616.5500000000002,0.0,-1616.5500000000002,-1616.5500000000002
2026-01-15 01:00:00+00:00,1692.3,0.0,-1692.3,-1692.3
2026-01-15 02:00:00+00:00,1997.5500000000002,0.0,-1997.5500000000002,-1997.5500000000002
2026-01-15 03:00:00+00:00,2231.6,0.0,-2231.6,-2231.6
2026-01-15 04:00:00+00:00,1851.675,0.0,-1851.675,-1851.675
2026-01-15 05:00:00+00:00,752.575,8.7,-743.875,-743.875
2026-01-15 06:00:00+00:00,0.0,657.3000000000001,657.3000000000001,657.3000000000001
2026-01-15 07:00:00+00:00,0.0,1022.275,1022.275,1022.275
2026-01-15 08:00:00+00:00,437.5,296.75,-140.75,-140.75
2026-01-15 09:00:00+00:00,1658.65,0.0,-1658.65,-1658.65
2026-01-15 10:00:00+00:00,2212.55,0.0,-2212.55,-2212.55
2026-01-15 11:00:00+00:00,3540.05,0.0,-3540.05,-3540.05
2026-01-15 12:00:00+00:00,3947.825,0.0,-3947.825,-3947.825
2026-01-15 13:00:00+00:00,3562.75,0.0,-3562.75,-3562.75
2026-01-15 14:00:00+00:00,3033.4750000000004,0.0,-3033.4750000000004,-3033.4750000000004
2026-01-15 15:00:00+00:00,1726.5,0.0,-1726.5,-1726.5
2026-01-15 16:00:00+00:00,762.95,0.0,-762.95,-762.95
2026-01-15 17:00:00+00:00,133.45000000000002,2.625,-130.82500000000002,-130.82500000000002
2026-01-15 18:00:00+00:00,0.0,293.25,293.25,293.25
2026-01-15 19:00:00+00:00,0.0,459.875,459.875,459.875
2026-01-15 20:00:00+00:00,27.1,87.075,59.975,59.975
2026-01-15 21:00:00+00:00,1508.3249999999998,0.0,-1508.3249999999998,-1508.3249999999998
2026-01-15 22:00:00+00:00,2503.175,0.0,-2503.175,-2503.175
2026-01-15 23:00:00+00:00,3213.875,0.0,-3213.875,-3213.875
2026-01-16 00:00:00+00:00,3195.725,0.0,-3195.725,-3195.725
2026-01-16 01:00:00+00:00,3442.95,0.0,-3442.95,-3442.95
2026-01-16 02:00:00+00:00,3013.45,0.0,-3013.45,-3013.45
2026-01-16 03:00:00+00:00,2704.25,0.0,-2704.25,-2704.25
2026-01-16 04:00:00+00:00,2262.95,0.0,-2262.95,-2262.95
2026-01-16 05:00:00+00:00,1237.8,0.0,-1237.8,-1237.8
2026-01-16 06:00:00+00:00,140.3,385.82500000000005,245.52500000000003,245.52500000000003
2026-01-16 07:00:00+00:00,0.0,1217.5,1217.5,1217.5
2026-01-16 08:00:00+00:00,153.35,448.65000000000003,295.30000000000007,295.30000000000007
2026-01-16 09:00:00+00:00,1376.125,0.0,-1376.125,-1376.125
2026-01-16 10:00:00+00:00,2608.95,0.0,-2608.95,-2608.95
2026-01-16 11:00:00+00:00,3411.25,0.0,-3411.25,-3411.25
2026-01-16 12:00:00+00:00,3894.0249999999996,0.0,-3894.0249999999996,-3894.0249999999996
2026-01-16 13:00:00+00:00,3637.1,0.0,-3637.1,-3637.1
2026-01-16 14:00:00+00:00,2681.3,0.0,-2681.3,-2681.3
2026-01-16 15:00:00+00:00,1943.95,0.0,-1943.95,-1943.95
2026-01-16 16:00:00+00:00,855.45,0.0,-855.45,-855.45
2026-01-16 17:00:00+00:00,274.925,0.0,-274.925,-274.925
2026-01-16 18:00:00+00:00,1059.8,0.0,-1059.8,-1059.8
2026-01-16 19:00:00+00:00,794.25,0.0,-794.25,-794.25
2026-01-16 20:00:00+00:00,691.85,0.0,-691.85,-691.85
2026-01-16 21:00:00+00:00,1589.8500000000001,0.0,-1589.8500000000001,-1589.8500000000001
2026-01-16 22:00:00+00:00,1761.425,0.0,-1761.425,-1761.425
2026-01-16 23:00:00+00:00,1156.8,0.0,-1156.8,-1156.8
2026-01-17 00:00:00+00:00,1324.05,0.0,-1324.05,-1324.05
2026-01-17 01:00:00+00:00,1368.175,0.0,-1368.175,-1368.175
2026-01-17 02:00:00+00:00,1693.85,0.0,-1693.85,-1693.85
2026-01-17 03:00:00+00:00,1972.575,0.0,-1972.575,-1972.575
2026-01-17 04:00:00+00:00,2213.975,0.0,-2213.975,-2213.975
2026-01-17 05:00:00+00:00,1611.725,0.0,-1611.725,-1611.725
2026-01-17 06:00:00+00:00,1668.75,0.0,-1668.75,-1668.75
2026-01-17 07:00:00+00:00,682.125,0.0,-682.125,-682.125
2026-01-17 08:00:00+00:00,966.625,0.0,-966.625,-966.625
2026-01-17 09:00:00+00:00,1146.075,0.0,-1146.075,-1146.075
2026-01-17 10:00:00+00:00,1159.775,0.0,-1159.775,-1159.775
2026-01-17 11:00:00+00:00,1835.025,0.0,-1835.025,-1835.025
2026-01-17 12:00:00+00:00,2291.45,0.0,-2291.45,-2291.45
2026-01-17 13:00:00+00:00,2171.4,0.0,-2171.4,-2171.4
2026-01-17 14:00:00+00:00,1222.0,0.0,-1222.0,-1222.0
2026-01-17 15:00:00+00:00,1338.95,0.0,-1338.95,-1338.95
2026-01-17 16:00:00+00:00,476.15,0.0,-476.15,-476.15
2026-01-17 17:00:00+00:00,0.0,643.475,643.475,643.475
2026-01-17 18:00:00+00:00,30.950000000000003,0.0,-30.950000000000003,-30.950000000000003
2026-01-17 19:00:00+00:00,117.17500000000001,0.0,-117.17500000000001,-117.17500000000001
2026-01-17 20:00:00+00:00,192.225,0.0,-192.225,-192.225
2026-01-17 21:00:00+00:00,661.225,0.0,-661.225,-661.225
2026-01-17 22:00:00+00:00,1097.6,0.0,-1097.6,-1097.6
2026-01-17 23:00:00+00:00,1014.0500000000001,0.0,-1014.0500000000001,-1014.0500000000001
2026-01-18 00:00:00+00:00,1409.675,0.0,-1409.675,-1409.675
2026-01-18 01:00:00+00:00,1438.45,0.0,-1438.45,-1438.45
2026-01-18 02:00:00+00:00,1660.075,0.0,-1660.075,-1660.075
2026-01-18 03:00:00+00:00,1382.95,0.0,-1382.95,-1382.95
2026-01-18 04:00:00+00:00,1165.9,0.0,-1165.9,-1165.9
2026-01-18 05:00:00+00:00,1429.95,0.0,-1429.95,-1429.95
2026-01-18 06:00:00+00:00,1056.2,0.0,-1056.2,-1056.2
2026-01-18 07:00:00+00:00,199.85,0.0,-199.85,-199.85
2026-01-18 08:00:00+00:00,683.025,0.0,-683.025,-683.025
2026-01-18 09:00:00+00:00,1631.35,0.0,-1631.35,-1631.35
2026-01-18 10:00:00+00:00,1715.0,0.0,-1715.0,-1715.0
2026-01-18 11:00:00+00:00,2427.6499999999996,0.0,-2427.6499999999996,-2427.6499999999996
2026-01-18 12:00:00+00:00,2634.55,0.0,-2634.55,-2634.55
2026-01-18 13:00:00+00:00,2468.8,0.0,-2468.8,-2468.8
2026-01-18 14:00:00+00:00,2001.625,0.0,-2001.625,-2001.625
2026-01-18 15:00:00+00:00,1671.3,0.0,-1671.3,-1671.3
2026-01-18 16:00:00+00:00,297.95,149.8,-148.14999999999998,-148.14999999999998
2026-01-18 17:00:00+00:00,0.0,1063.775,1063.775,1063.775
2026-01-18 18:00:00+00:00,0.0,906.6,906.6,906.6
2026-01-18 19:00:00+00:00,0.0,846.725,846.725,846.725
2026-01-18 20:00:00+00:00,0.0,437.0,437.0,437.0
2026-01-18 21:00:00+00:00,105.075,229.04999999999998,123.97499999999998,123.97499999999998
2026-01-18 22:00:00+00:00,1057.625,0.0,-1057.625,-1057.625
2026-01-18 23:00:00+00:00,1401.725,0.0,-1401.725,-1401.725
2026-01-19 00:00:00+00:00,1825.475,0.0,-1825.475,-1825.475
2026-01-19 01:00:00+00:00,2492.775,0.0,-2492.775,-2492.775
2026-01-19 02:00:00+00:00,2451.65,0.0,-2451.65,-2451.65
2026-01-19 03:00:00+00:00,2422.75,0.0,-2422.75,-2422.75
2026-01-19 04:00:00+00:00,2226.5750000000003,0.0,-2226.5750000000003,-2226.5750000000003
2026-01-19 05:00:00+00:00,251.3,375.275,123.97499999999997,123.97499999999997
2026-01-19 06:00:00+00:00,0.0,2677.6,2677.6,2677.6
2026-01-19 07:00:00+00:00,0.0,2641.65,2641.65,2641.65
2026-01-19 08:00:00+00:00,2.625,1002.3249999999999,999.6999999999999,999.6999999999999
2026-01-19 09:00:00+00:00,722.275,0.0,-722.275,-722.275
2026-01-19 10:00:00+00:00,2085.95,0.0,-2085.95,-2085.95
2026-01-19 11:00:00+00:00,3026.25,0.0,-3026.25,-3026.25
2026-01-19 12:00:00+00:00,3184.975,0.0,-3184.975,-3184.975
2026-01-19 13:00:00+00:00,3253.675,0.0,-3253.675,-3253.675
2026-01-19 14:00:00+00:00,2983.225,0.0,-2983.225,-2983.225
2026-01-19 15:00:00+00:00,2158.225,0.0,-2158.225,-2158.225
2026-01-19 16:00:00+00:00,714.175,18.45,-695.7249999999999,-695.7249999999999
2026-01-19 17:00:00+00:00,0.0,585.575,585.575,585.575
2026-01-19 18:00:00+00:00,1.95,189.5,187.55,187.55
2026-01-19 19:00:00+00:00,223.925,0.0,-223.925,-223.925
2026-01-19 20:00:00+00:00,1142.35,0.0,-1142.35,-1142.35
2026-01-19 21:00:00+00:00,1994.3500000000001,0.0,-1994.3500000000001,-1994.3500000000001
2026-01-19 22:00:00+00:00,2957.175,0.0,-2957.175,-2957.175
2026-01-19 23:00:00+00:00,2935.75,0.0,-2935.75,-2935.75
2026-01-20 00:00:00+00:00,2593.2250000000004,0.0,-2593.2250000000004,-2593.2250000000004
2026-01-20 01:00:00+00:00,2593.025,0.0,-2593.025,-2593.025
2026-01-20 02:00:00+00:00,2764.725,0.0,-2764.725,-2764.725
2026-01-20 03:00:00+00:00,2703.7749999999996,0.0,-2703.7749999999996,-2703.7749999999996
2026-01-20 04:00:00+00:00,2454.825,0.0,-2454.825,-2454.825
2026-01-20 05:00:00+00:00,1027.9,0.0,-1027.9,-1027.9
2026-01-20 06:00:00+00:00,161.425,331.575,170.14999999999998,170.14999999999998
2026-01-20 07:00:00+00:00,0.0,777.175,777.175,777.175
2026-01-20 08:00:00+00:00,687.025,308.25,-378.775,-378.775
2026-01-20 09:00:00+00:00,2974.1,0.0,-2974.1,-2974.1
2026-01-20 10:00:00+00:00,3321.175,0.0,-3321.175,-3321.175
2026-01-20 11:00:00+00:00,4143.7,0.0,-4143.7,-4143.7
2026-01-20 12:00:00+00:00,3718.175,0.0,-3718.175,-3718.175
2026-01-20 13:00:00+00:00,3602.5,0.0,-3602.5,-3602.5
2026-01-20 14:00:00+00:00,3852.125,0.0,-3852.125,-3852.125
2026-01-20 15:00:00+00:00,2657.925,0.0,-2657.925,-2657.925
2026-01-20 16:00:00+00:00,1009.2249999999999,59.875,-949.3499999999999,-949.3499999999999
2026-01-20 17:00:00+00:00,0.0,377.225,377.225,377.225
2026-01-20 18:00:00+00:00,40.425000000000004,11.7,-28.725000000000005,-28.725000000000005
2026-01-20 19:00:00+00:00,149.25,0.0,-149.25,-149.25
2026-01-20 20:00:00+00:00,621.95,0.0,-621.95,-621.95
2026-01-20 21:00:00+00:00,1179.425,0.0,-1179.425,-1179.425
2026-01-20 22:00:00+00:00,1487.7,0.0,-1487.7,-1487.7
2026-01-20 23:00:00+00:00,203.3,30.475,-172.82500000000002,-172.82500000000002
2026-01-21 00:00:00+00:00,86.875,181.05,94.17500000000001,94.17500000000001
2026-01-21 01:00:00+00:00,164.85,117.0,-47.849999999999994,-47.849999999999994
2026-01-21 02:00:00+00:00,246.39999999999998,0.0,-246.39999999999998,-246.39999999999998
2026-01-21 03:00:00+00:00,37.825,13.725,-24.1,-24.1
2026-01-21 04:00:00+00:00,0.0,709.8499999999999,709.8499999999999,709.8499999999999
2026-01-21 05:00:00+00:00,0.0,2168.725,2168.725,2168.725
2026-01-21 06:00:00+00:00,0.0,3014.4,3014.4,3014.4
2026-01-21 07:00:00+00:00,0.0,2996.25,2996.25,2996.25
2026-01-21 08:00:00+00:00,0.0,1864.3,1864.3,1864.3
2026-01-21 09:00:00+00:00,261.7,193.025,-68.67499999999998,-68.67499999999998
2026-01-21 10:00:00+00:00,944.675,0.0,-944.675,-944.675
2026-01-21 11:00:00+00:00,1564.425,0.0,-1564.425,-1564.425
2026-01-21 12:00:00+00:00,1232.9,0.0,-1232.9,-1232.9
2026-01-21 13:00:00+00:00,236.75,14.325,-222.425,-222.425
2026-01-21 14:00:00+00:00,0.0,422.925,422.925,422.925
2026-01-21 15:00:00+00:00,0.0,507.425,507.425,507.425
2026-01-21 16:00:00+00:00,0.0,614.125,614.125,614.125
2026-01-21 17:00:00+00:00,0.0,1012.3,1012.3,1012.3
2026-01-21 18:00:00+00:00,0.0,1076.525,1076.525,1076.525
2026-01-21 19:00:00+00:00,0.0,1222.225,1222.225,1222.225
2026-01-21 20:00:00+00:00,0.0,1269.25,1269.25,1269.25
2026-01-21 21:00:00+00:00,0.0,1266.95,1266.95,1266.95
2026-01-21 22:00:00+00:00,298.675,317.2,18.524999999999977,18.524999999999977
2026-01-21 23:00:00+00:00,302.95000000000005,22.3,-280.65000000000003,-280.65000000000003
2026-01-22 00:00:00+00:00,153.325,0.0,-153.325,-153.325
2026-01-22 01:00:00+00:00,322.5,0.0,-322.5,-322.5
2026-01-22 02:00:00+00:00,630.775,0.0,-630.775,-630.775
2026-01-22 03:00:00+00:00,815.05,0.0,-815.05,-815.05
2026-01-22 04:00:00+00:00,484.625,0.0,-484.625,-484.625
2026-01-22 05:00:00+00:00,237.575,209.25,-28.32499999999999,-28.32499999999999
2026-01-22 06:00:00+00:00,0.0,1188.75,1188.75,1188.75
2026-01-22 07:00:00+00:00,0.0,1952.3,1952.3,1952.3
2026-01-22 08:00:00+00:00,42.6,879.85,837.25,837.25
2026-01-22 09:00:00+00:00,1148.425,0.0,-1148.425,-1148.425
2026-01-22 10:00:00+00:00,2197.55,0.0,-2197.55,-2197.55
2026-01-22 11:00:00+00:00,2491.3,0.0,-2491.3,-2491.3
2026-01-22 12:00:00+00:00,2065.25,0.0,-2065.25,-2065.25
2026-01-22 13:00:00+00:00,1494.175,0.0,-1494.175,-1494.175
2026-01-22 14:00:00+00:00,953.325,0.0,-953.325,-953.325
2026-01-22 15:00:00+00:00,565.5500000000001,86.425,-479.12500000000006,-479.12500000000006
2026-01-22 16:00:00+00:00,0.0,1256.675,1256.675,1256.675
2026-01-22 17:00:00+00:00,0.0,1995.95,1995.95,1995.95
2026-01-22 18:00:00+00:00,0.0,1690.0,1690.0,1690.0
2026-01-22 19:00:00+00:00,0.0,1530.0,1530.0,1530.0
2026-01-22 20:00:00+00:00,0.0,1515.575,1515.575,1515.575
2026-01-22 21:00:00+00:00,51.875,561.225,509.35,509.35
2026-01-22 22:00:00+00:00,93.3,47.75,-45.55,-45.55
2026-01-22 23:00:00+00:00,0.0,579.95,579.95,579.95
2026-01-23 00:00:00+00:00,0.0,484.79999999999995,484.79999999999995,484.79999999999995
2026-01-23 01:00:00+00:00,0.0,480.9,480.9,480.9
2026-01-23 02:00:00+00:00,0.0,774.025,774.025,774.025
2026-01-23 03:00:00+00:00,0.0,876.4749999999999,876.4749999999999,876.4749999999999
2026-01-23 04:00:00+00:00,0.0,1145.0249999999999,1145.0249999999999,1145.0249999999999
2026-01-23 05:00:00+00:00,0.0,1799.1000000000001,1799.1000000000001,1799.1000000000001
2026-01-23 06:00:00+00:00,0.0,2894.35,2894.35,2894.35
2026-01-23 07:00:00+00:00,0.0,2910.175,2910.175,2910.175
2026-01-23 08:00:00+00:00,145.975,863.7,717.725,717.725
2026-01-23 09:00:00+00:00,1773.85,0.0,-1773.85,-1773.85
2026-01-23 10:00:00+00:00,2123.05,0.0,-2123.05,-2123.05
2026-01-23 11:00:00+00:00,2462.1,0.0,-2462.1,-2462.1
2026-01-23 12:00:00+00:00,2421.525,0.0,-2421.525,-2421.525
2026-01-23 13:00:00+00:00,2212.875,0.0,-2212.875,-2212.875
2026-01-23 14:00:00+00:00,1593.175,0.0,-1593.175,-1593.175
2026-01-23 15:00:00+00:00,603.525,28.225,-575.3,-575.3
2026-01-23 16:00:00+00:00,34.25,861.0250000000001,826.7750000000001,826.7750000000001
2026-01-23 17:00:00+00:00,0.0,1997.925,1997.925,1997.925
2026-01-23 18:00:00+00:00,0.0,1693.925,1693.925,1693.925
2026-01-23 19:00:00+00:00,0.0,1436.175,1436.175,1436.175
2026-01-23 20:00:00+00:00,0.0,1512.675,1512.675,1512.675
2026-01-23 21:00:00+00:00,0.0,1640.625,1640.625,1640.625
2026-01-23 22:00:00+00:00,0.0,1031.975,1031.975,1031.975
2026-01-23 23:00:00+00:00,0.0,1118.1999999999998,1118.1999999999998,1118.1999999999998
2026-01-24 00:00:00+00:00,0.0,377.9,377.9,377.9
2026-01-24 01:00:00+00:00,0.0,345.15,345.15,345.15
2026-01-24 02:00:00+00:00,20.2,154.825,134.625,134.625
2026-01-24 03:00:00+00:00,274.65,0.0,-274.65,-274.65
2026-01-24 04:00:00+00:00,524.025,0.0,-524.025,-524.025
2026-01-24 05:00:00+00:00,908.175,0.0,-908.175,-908.175
2026-01-24 06:00:00+00:00,578.55,0.0,-578.55,-578.55
2026-01-24 07:00:00+00:00,339.275,0.0,-339.275,-339.275
2026-01-24 08:00:00+00:00,753.4000000000001,0.0,-753.4000000000001,-753.4000000000001
2026-01-24 09:00:00+00:00,1569.25,0.0,-1569.25,-1569.25
2026-01-24 10:00:00+00:00,2383.975,0.0,-2383.975,-2383.975
2026-01-24 11:00:00+00:00,2430.75,0.0,-2430.75,-2430.75
2026-01-24 12:00:00+00:00,1956.675,0.0,-1956.675,-1956.675
2026-01-24 13:00:00+00:00,1508.025,0.0,-1508.025,-1508.025
2026-01-24 14:00:00+00:00,1508.9,0.0,-1508.9,-1508.9
2026-01-24 15:00:00+00:00,1565.725,0.0,-1565.725,-1565.725
2026-01-24 16:00:00+00:00,437.425,37.825,-399.6,-399.6
2026-01-24 17:00:00+00:00,0.0,644.875,644.875,644.875
2026-01-24 18:00:00+00:00,0.0,284.3,284.3,284.3
2026-01-24 19:00:00+00:00,0.0,306.275,306.275,306.275
2026-01-24 20:00:00+00:00,0.0,331.05,331.05,331.05
2026-01-24 21:00:00+00:00,33.025,106.525,73.5,73.5
2026-01-24 22:00:00+00:00,142.85000000000002,72.775,-70.07500000000002,-70.07500000000002
2026-01-24 23:00:00+00:00,581.525,0.0,-581.525,-581.525
2026-01-25 00:00:00+00:00,518.55,0.0,-518.55,-518.55
2026-01-25 01:00:00+00:00,276.325,0.0,-276.325,-276.325
2026-01-25 02:00:00+00:00,18.525,60.875,42.35,42.35
2026-01-25 03:00:00+00:00,41.975,8.8,-33.175,-33.175
2026-01-25 04:00:00+00:00,0.175,23.275,23.099999999999998,23.099999999999998
2026-01-25 05:00:00+00:00,51.775000000000006,0.0,-51.775000000000006,-51.775000000000006
2026-01-25 06:00:00+00:00,495.825,0.0,-495.825,-495.825
2026-01-25 07:00:00+00:00,725.325,0.0,-725.325,-725.325
2026-01-25 08:00:00+00:00,718.45,0.0,-718.45,-718.45
2026-01-25 09:00:00+00:00,92.7,5.775,-86.925,-86.925
2026-01-25 10:00:00+00:00,670.325,0.0,-670.325,-670.325
2026-01-25 11:00:00+00:00,1166.45,0.0,-1166.45,-1166.45
2026-01-25 12:00:00+00:00,1241.525,0.0,-1241.525,-1241.525
2026-01-25 13:00:00+00:00,1008.325,0.0,-1008.325,-1008.325
2026-01-25 14:00:00+00:00,972.325,0.0,-972.325,-972.325
2026-01-25 15:00:00+00:00,812.875,0.0,-812.875,-812.875
2026-01-25 16:00:00+00:00,1035.05,0.0,-1035.05,-1035.05
2026-01-25 17:00:00+00:00,307.425,17.625,-289.8,-289.8
2026-01-25 18:00:00+00:00,0.0,248.02499999999998,248.02499999999998,248.02499999999998
2026-01-25 19:00:00+00:00,0.0,672.375,672.375,672.375
2026-01-25 20:00:00+00:00,0.0,573.55,573.55,573.55
2026-01-25 21:00:00+00:00,365.67499999999995,35.225,-330.44999999999993,-330.44999999999993
2026-01-25 22:00:00+00:00,1357.275,0.0,-1357.275,-1357.275
2026-01-25 23:00:00+00:00,995.45,0.0,-995.45,-995.45
2026-01-26 00:00:00+00:00,404.575,0.0,-404.575,-404.575
2026-01-26 01:00:00+00:00,368.8,0.0,-368.8,-368.8
2026-01-26 02:00:00+00:00,194.45000000000002,0.0,-194.45000000000002,-194.45000000000002
2026-01-26 03:00:00+00:00,28.474999999999998,47.05,18.575,18.575
2026-01-26 04:00:00+00:00,0.0,423.1,423.1,423.1
2026-01-26 05:00:00+00:00,0.0,1422.775,1422.775,1422.775
2026-01-26 06:00:00+00:00,0.0,2964.525,2964.525,2964.525
2026-01-26 07:00:00+00:00,0.0,3066.975,3066.975,3066.975
2026-01-26 08:00:00+00:00,0.0,2701.775,2701.775,2701.775
2026-01-26 09:00:00+00:00,0.0,2138.95,2138.95,2138.95
2026-01-26 10:00:00+00:00,0.0,2074.275,2074.275,2074.275
2026-01-26 11:00:00+00:00,0.0,1537.85,1537.85,1537.85
2026-01-26 12:00:00+00:00,0.0,1794.25,1794.25,1794.25
2026-01-26 13:00:00+00:00,0.0,1949.825,1949.825,1949.825
2026-01-26 14:00:00+00:00,0.0,2223.275,2223.275,2223.275
2026-01-26 15:00:00+00:00,0.0,2164.775,2164.775,2164.775
2026-01-26 16:00:00+00:00,0.0,2120.0,2120.0,2120.0
2026-01-26 17:00:00+00:00,0.0,2540.0,2540.0,2540.0
2026-01-26 18:00:00+00:00,0.0,2460.0,2460.0,2460.0
2026-01-26 19:00:00+00:00,0.0,2440.0,2440.0,2440.0
2026-01-26 20:00:00+00:00,0.0,2495.0,2495.0,2495.0
2026-01-26 21:00:00+00:00,0.0,2031.275,2031.275,2031.275
2026-01-26 22:00:00+00:00,0.0,951.725,951.725,951.725
2026-01-26 23:00:00+00:00,0.0,1733.425,1733.425,1733.425
2026-01-27 00:00:00+00:00,0.0,1501.275,1501.275,1501.275
2026-01-27 01:00:00+00:00,0.0,1655.65,1655.65,1655.65
2026-01-27 02:00:00+00:00,0.0,1326.2,1326.2,1326.2
2026-01-27 03:00:00+00:00,0.0,974.6,974.6,974.6
2026-01-27 04:00:00+00:00,0.0,1028.1,1028.1,1028.1
2026-01-27 05:00:00+00:00,0.0,1523.925,1523.925,1523.925
2026-01-27 06:00:00+00:00,0.0,2690.85,2690.85,2690.85
2026-01-27 07:00:00+00:00,0.0,2726.775,2726.775,2726.775
2026-01-27 08:00:00+00:00,0.0,1962.425,1962.425,1962.425
2026-01-27 09:00:00+00:00,9.275,240.25,230.975,230.975
2026-01-27 10:00:00+00:00,0.0,405.55,405.55,405.55
2026-01-27 11:00:00+00:00,0.0,977.775,977.775,977.775
2026-01-27 12:00:00+00:00,0.0,1246.275,1246.275,1246.275
2026-01-27 13:00:00+00:00,0.0,1073.675,1073.675,1073.675
2026-01-27 14:00:00+00:00,0.0,1065.725,1065.725,1065.725
2026-01-27 15:00:00+00:00,0.0,1389.275,1389.275,1389.275
2026-01-27 16:00:00+00:00,0.0,2251.0,2251.0,2251.0
2026-01-27 17:00:00+00:00,0.0,1905.0,1905.0,1905.0
2026-01-27 18:00:00+00:00,0.0,1748.1,1748.1,1748.1
2026-01-27 19:00:00+00:00,0.0,1261.65,1261.65,1261.65
2026-01-27 20:00:00+00:00,0.0,728.075,728.075,728.075
2026-01-27 21:00:00+00:00,75.925,135.45,59.52499999999999,59.52499999999999
2026-01-27 22:00:00+00:00,877.625,0.0,-877.625,-877.625
2026-01-27 23:00:00+00:00,422.45,0.0,-422.45,-422.45
2026-01-28 00:00:00+00:00,10.775,344.625,333.85,333.85
2026-01-28 01:00:00+00:00,0.0,1112.625,1112.625,1112.625
2026-01-28 02:00:00+00:00,0.0,1945.05,1945.05,1945.05
2026-01-28 03:00:00+00:00,0.0,2446.9,2446.9,2446.9
2026-01-28 04:00:00+00:00,0.0,2646.225,2646.225,2646.225
2026-01-28 05:00:00+00:00,0.0,3267.45,3267.45,3267.45
2026-01-28 06:00:00+00:00,0.0,3600.0,3600.0,3600.0
2026-01-28 07:00:00+00:00,0.0,3600.0,3600.0,3600.0
2026-01-28 08:00:00+00:00,0.0,3380.425,3380.425,3380.425
2026-01-28 09:00:00+00:00,0.0,2743.5,2743.5,2743.5
2026-01-28 10:00:00+00:00,0.0,2420.425,2420.425,2420.425
2026-01-28 11:00:00+00:00,0.0,2842.775,2842.775,2842.775
2026-01-28 12:00:00+00:00,0.0,2129.15,2129.15,2129.15
2026-01-28 13:00:00+00:00,0.0,1500.0,1500.0,1500.0
2026-01-28 14:00:00+00:00,0.0,1404.9,1404.9,1404.9
2026-01-28 15:00:00+00:00,0.0,1085.15,1085.15,1085.15
2026-01-28 16:00:00+00:00,0.0,1592.35,1592.35,1592.35
2026-01-28 17:00:00+00:00,0.0,1762.575,1762.575,1762.575
2026-01-28 18:00:00+00:00,0.0,1299.175,1299.175,1299.175
2026-01-28 19:00:00+00:00,0.0,920.275,920.275,920.275
2026-01-28 20:00:00+00:00,0.0,1097.55,1097.55,1097.55
2026-01-28 21:00:00+00:00,0.0,869.4749999999999,869.4749999999999,869.4749999999999
2026-01-28 22:00:00+00:00,0.0,803.925,803.925,803.925
2026-01-28 23:00:00+00:00,0.0,816.575,816.575,816.575
2026-01-29 00:00:00+00:00,0.0,1338.35,1338.35,1338.35
2026-01-29 01:00:00+00:00,0.0,1491.3,1491.3,1491.3
2026-01-29 02:00:00+00:00,0.0,1500.0,1500.0,1500.0
2026-01-29 03:00:00+00:00,0.0,1500.0,1500.0,1500.0
2026-01-29 04:00:00+00:00,0.0,1500.0,1500.0,1500.0
2026-01-29 05:00:00+00:00,0.0,1500.0,1500.0,1500.0
2026-01-29 06:00:00+00:00,0.0,1500.0,1500.0,1500.0
2026-01-29 07:00:00+00:00,0.0,1500.0,1500.0,1500.0
2026-01-29 08:00:00+00:00,0.0,1500.0,1500.0,1500.0
2026-01-29 09:00:00+00:00,0.0,1500.0,1500.0,1500.0
2026-01-29 10:00:00+00:00,0.0,1500.0,1500.0,1500.0
2026-01-29 11:00:00+00:00,0.0,1500.0,1500.0,1500.0
2026-01-29 12:00:00+00:00,0.0,1186.65,1186.65,1186.65
2026-01-29 13:00:00+00:00,0.0,1256.825,1256.825,1256.825
2026-01-29 14:00:00+00:00,0.0,1280.175,1280.175,1280.175
2026-01-29 15:00:00+00:00,0.0,1314.75,1314.75,1314.75
2026-01-29 16:00:00+00:00,0.0,1456.325,1456.325,1456.325
2026-01-29 17:00:00+00:00,0.0,1498.425,1498.425,1498.425
2026-01-29 18:00:00+00:00,0.0,1500.0,1500.0,1500.0
2026-01-29 19:00:00+00:00,0.0,1500.0,1500.0,1500.0
2026-01-29 20:00:00+00:00,0.0,1398.125,1398.125,1398.125
2026-01-29 21:00:00+00:00,333.325,178.79999999999998,-154.525,-154.525
2026-01-29 22:00:00+00:00,883.65,0.0,-883.65,-883.65
2026-01-29 23:00:00+00:00,0.0,737.6750000000001,737.6750000000001,737.6750000000001
2026-01-30 00:00:00+00:00,0.0,1017.975,1017.975,1017.975
2026-01-30 01:00:00+00:00,0.0,1275.775,1275.775,1275.775
2026-01-30 02:00:00+00:00,0.0,1462.25,1462.25,1462.25
2026-01-30 03:00:00+00:00,0.0,1500.0,1500.0,1500.0
2026-01-30 04:00:00+00:00,0.0,1500.0,1500.0,1500.0
2026-01-30 05:00:00+00:00,0.0,1500.0,1500.0,1500.0
2026-01-30 06:00:00+00:00,0.0,1500.0,1500.0,1500.0
2026-01-30 07:00:00+00:00,0.0,1500.0,1500.0,1500.0
2026-01-30 08:00:00+00:00,0.0,1295.875,1295.875,1295.875
2026-01-30 09:00:00+00:00,0.0,1288.65,1288.65,1288.65
2026-01-30 10:00:00+00:00,0.0,1084.1,1084.1,1084.1
2026-01-30 11:00:00+00:00,0.0,1384.5,1384.5,1384.5
2026-01-30 12:00:00+00:00,0.0,1480.35,1480.35,1480.35
2026-01-30 13:00:00+00:00,0.0,1460.125,1460.125,1460.125
2026-01-30 14:00:00+00:00,0.0,1500.0,1500.0,1500.0
2026-01-30 15:00:00+00:00,0.0,1500.0,1500.0,1500.0
2026-01-30 16:00:00+00:00,0.0,1499.95,1499.95,1499.95
2026-01-30 17:00:00+00:00,0.0,1361.05,1361.05,1361.05
2026-01-30 18:00:00+00:00,0.0,1500.0,1500.0,1500.0
2026-01-30 19:00:00+00:00,0.0,1500.0,1500.0,1500.0
2026-01-30 20:00:00+00:00,0.0,1356.8,1356.8,1356.8
2026-01-30 21:00:00+00:00,0.0,1284.05,1284.05,1284.05
2026-01-30 22:00:00+00:00,0.0,1148.4,1148.4,1148.4
2026-01-30 23:00:00+00:00,0.0,1500.0,1500.0,1500.0
2026-01-31 00:00:00+00:00,0.0,1500.0,1500.0,1500.0
2026-01-31 01:00:00+00:00,0.0,1500.0,1500.0,1500.0
2026-01-31 02:00:00+00:00,0.0,1500.0,1500.0,1500.0
2026-01-31 03:00:00+00:00,0.0,1500.0,1500.0,1500.0
2026-01-31 04:00:00+00:00,0.0,1335.325,1335.325,1335.325
2026-01-31 05:00:00+00:00,0.0,1470.8,1470.8,1470.8
2026-01-31 06:00:00+00:00,0.0,1500.0,1500.0,1500.0
2026-01-31 07:00:00+00:00,0.0,1499.925,1499.925,1499.925
2026-01-31 08:00:00+00:00,0.0,990.2,990.2,990.2
2026-01-31 09:00:00+00:00,0.0,473.9,473.9,473.9
2026-01-31 10:00:00+00:00,0.0,108.85,108.85,108.85
2026-01-31 11:00:00+00:00,232.97500000000002,0.0,-232.97500000000002,-232.97500000000002
2026-01-31 12:00:00+00:00,0.0,81.875,81.875,81.875
2026-01-31 13:00:00+00:00,38.3,12.65,-25.65,-25.65
2026-01-31 14:00:00+00:00,122.35,0.0,-122.35,-122.35
2026-01-31 15:00:00+00:00,137.15,7.9,-129.25,-129.25
2026-01-31 16:00:00+00:00,15.95,595.7,579.75,579.75
2026-01-31 17:00:00+00:00,0.0,543.625,543.625,543.625
2026-01-31 18:00:00+00:00,0.0,785.9,785.9,785.9
2026-01-31 19:00:00+00:00,0.0,841.45,841.45,841.45
2026-01-31 20:00:00+00:00,0.0,970.725,970.725,970.725
2026-01-31 21:00:00+00:00,0.0,772.775,772.775,772.775
2026-01-31 22:00:00+00:00,0.0,597.225,597.225,597.225
2026-01-31 23:00:00+00:00,0.0,1500.0,1500.0,1500.0
2026-02-01 00:00:00+00:00,0.0,1298.8,1298.8,1298.8
2026-02-01 01:00:00+00:00,0.0,1457.0,1457.0,1457.0
2026-02-01 02:00:00+00:00,0.0,1338.2,1338.2,1338.2
2026-02-01 03:00:00+00:00,0.0,1288.9,1288.9,1288.9
2026-02-01 04:00:00+00:00,0.0,1391.575,1391.575,1391.575
2026-02-01 05:00:00+00:00,0.0,1448.425,1448.425,1448.425
2026-02-01 06:00:00+00:00,0.0,1488.7,1488.7,1488.7
2026-02-01 07:00:00+00:00,0.0,1486.275,1486.275,1486.275
2026-02-01 08:00:00+00:00,0.0,1500.0,1500.0,1500.0
2026-02-01 09:00:00+00:00,0.0,1500.0,1500.0,1500.0
2026-02-01 10:00:00+00:00,0.0,1495.75,1495.75,1495.75
2026-02-01 11:00:00+00:00,0.0,1500.0,1500.0,1500.0
2026-02-01 12:00:00+00:00,0.0,1500.0,1500.0,1500.0
2026-02-01 13:00:00+00:00,0.0,1500.0,1500.0,1500.0
2026-02-01 14:00:00+00:00,0.0,1500.0,1500.0,1500.0
2026-02-01 15:00:00+00:00,0.0,1500.0,1500.0,1500.0
2026-02-01 16:00:00+00:00,0.0,1000.0,1000.0,1000.0
2026-02-01 17:00:00+00:00,0.0,1000.0,1000.0,1000.0
2026-02-01 18:00:00+00:00,0.0,1000.0,1000.0,1000.0
2026-02-01 19:00:00+00:00,0.0,1000.0,1000.0,1000.0
2026-02-01 20:00:00+00:00,0.0,1000.0,1000.0,1000.0
2026-02-01 21:00:00+00:00,0.0,1000.0,1000.0,1000.0
2026-02-01 22:00:00+00:00,0.0,1000.0,1000.0,1000.0
2026-02-01 23:00:00+00:00,0.0,1500.0,1500.0,1500.0
2026-02-02 00:00:00+00:00,0.0,1500.0,1500.0,1500.0
2026-02-02 01:00:00+00:00,0.0,1500.0,1500.0,1500.0
2026-02-02 02:00:00+00:00,0.0,1500.0,1500.0,1500.0
2026-02-02 03:00:00+00:00,0.0,1500.0,1500.0,1500.0
2026-02-02 04:00:00+00:00,0.0,1500.0,1500.0,1500.0
2026-02-02 05:00:00+00:00,0.0,1500.0,1500.0,1500.0
2026-02-02 06:00:00+00:00,0.0,1500.0,1500.0,1500.0
2026-02-02 07:00:00+00:00,0.0,1500.0,1500.0,1500.0
2026-02-02 08:00:00+00:00,0.0,1500.0,1500.0,1500.0
2026-02-02 09:00:00+00:00,0.0,1474.5,1474.5,1474.5
2026-02-02 10:00:00+00:00,0.0,1469.275,1469.275,1469.275
2026-02-02 11:00:00+00:00,0.0,1500.0,1500.0,1500.0
2026-02-02 12:00:00+00:00,0.0,1500.0,1500.0,1500.0
2026-02-02 13:00:00+00:00,0.0,1500.0,1500.0,1500.0
2026-02-02 14:00:00+00:00,0.0,1493.975,1493.975,1493.975
2026-02-02 15:00:00+00:00,0.0,1500.0,1500.0,1500.0
2026-02-02 16:00:00+00:00,0.0,1000.0,1000.0,1000.0
2026-02-02 17:00:00+00:00,0.0,1000.0,1000.0,1000.0
2026-02-02 18:00:00+00:00,0.0,1000.0,1000.0,1000.0
2026-02-02 19:00:00+00:00,0.0,1000.0,1000.0,1000.0
2026-02-02 20:00:00+00:00,0.0,1000.0,1000.0,1000.0
2026-02-02 21:00:00+00:00,0.0,980.35,980.35,980.35
2026-02-02 22:00:00+00:00,0.0,572.725,572.725,572.725
2026-02-02 23:00:00+00:00,0.0,1279.9,1279.9,1279.9
2026-02-03 00:00:00+00:00,0.0,1095.675,1095.675,1095.675
2026-02-03 01:00:00+00:00,0.0,1166.05,1166.05,1166.05
2026-02-03 02:00:00+00:00,0.0,1395.225,1395.225,1395.225
2026-02-03 03:00:00+00:00,0.0,1500.0,1500.0,1500.0
2026-02-03 04:00:00+00:00,0.0,1500.0,1500.0,1500.0
2026-02-03 05:00:00+00:00,0.0,1500.0,1500.0,1500.0
2026-02-03 06:00:00+00:00,0.0,1500.0,1500.0,1500.0
2026-02-03 07:00:00+00:00,0.0,1500.0,1500.0,1500.0
2026-02-03 08:00:00+00:00,0.0,1500.0,1500.0,1500.0
2026-02-03 09:00:00+00:00,0.0,1500.0,1500.0,1500.0
2026-02-03 10:00:00+00:00,0.0,1486.45,1486.45,1486.45
2026-02-03 11:00:00+00:00,0.0,1500.0,1500.0,1500.0
2026-02-03 12:00:00+00:00,0.0,1500.0,1500.0,1500.0
2026-02-03 13:00:00+00:00,0.0,1386.15,1386.15,1386.15
2026-02-03 14:00:00+00:00,0.0,1220.9250000000002,1220.9250000000002,1220.9250000000002
2026-02-03 15:00:00+00:00,0.0,1290.95,1290.95,1290.95
2026-02-03 16:00:00+00:00,0.0,1000.0,1000.0,1000.0
2026-02-03 17:00:00+00:00,0.0,1000.0,1000.0,1000.0
2026-02-03 18:00:00+00:00,0.0,1000.0,1000.0,1000.0
2026-02-03 19:00:00+00:00,0.0,997.35,997.35,997.35
2026-02-03 20:00:00+00:00,0.0,1000.0,1000.0,1000.0
2026-02-03 21:00:00+00:00,0.0,994.6,994.6,994.6
2026-02-03 22:00:00+00:00,0.0,875.475,875.475,875.475
2026-02-03 23:00:00+00:00,0.0,1396.6,1396.6,1396.6
2026-02-04 00:00:00+00:00,0.0,1397.3,1397.3,1397.3
2026-02-04 01:00:00+00:00,0.0,1496.9,1496.9,1496.9
2026-02-04 02:00:00+00:00,0.0,1500.0,1500.0,1500.0
2026-02-04 03:00:00+00:00,0.0,1500.0,1500.0,1500.0
2026-02-04 04:00:00+00:00,0.0,1408.35,1408.35,1408.35
2026-02-04 05:00:00+00:00,0.0,1383.925,1383.925,1383.925
2026-02-04 06:00:00+00:00,0.0,1428.925,1428.925,1428.925
2026-02-04 07:00:00+00:00,0.0,1500.0,1500.0,1500.0
2026-02-04 08:00:00+00:00,0.0,1500.0,1500.0,1500.0
2026-02-04 09:00:00+00:00,0.0,964.75,964.75,964.75
2026-02-04 10:00:00+00:00,35.575,215.225,179.64999999999998,179.64999999999998
2026-02-04 11:00:00+00:00,286.65,0.0,-286.65,-286.65
2026-02-04 12:00:00+00:00,0.0,144.55,144.55,144.55
2026-02-04 13:00:00+00:00,0.0,562.025,562.025,562.025
2026-02-04 14:00:00+00:00,0.0,261.25,261.25,261.25
2026-02-04 15:00:00+00:00,0.0,575.575,575.575,575.575
2026-02-04 16:00:00+00:00,0.0,929.8,929.8,929.8
2026-02-04 17:00:00+00:00,0.0,891.475,891.475,891.475
2026-02-04 18:00:00+00:00,0.0,991.9749999999999,991.9749999999999,991.9749999999999
2026-02-04 19:00:00+00:00,0.0,999.1,999.1,999.1
2026-02-04 20:00:00+00:00,0.0,995.15,995.15,995.15
2026-02-04 21:00:00+00:00,0.0,992.925,992.925,992.925
2026-02-04 22:00:00+00:00,0.0,645.825,645.825,645.825
2026-02-04 23:00:00+00:00,0.0,1472.55,1472.55,1472.55
2026-02-05 00:00:00+00:00,0.0,1500.0,1500.0,1500.0
2026-02-05 01:00:00+00:00,0.0,1476.85,1476.85,1476.85
2026-02-05 02:00:00+00:00,0.0,1470.975,1470.975,1470.975
2026-02-05 03:00:00+00:00,0.0,1500.0,1500.0,1500.0
2026-02-05 04:00:00+00:00,0.0,1500.0,1500.0,1500.0
2026-02-05 05:00:00+00:00,0.0,1500.0,1500.0,1500.0
2026-02-05 06:00:00+00:00,0.0,1500.0,1500.0,1500.0
2026-02-05 07:00:00+00:00,0.0,1500.0,1500.0,1500.0
2026-02-05 08:00:00+00:00,0.0,1476.625,1476.625,1476.625
2026-02-05 09:00:00+00:00,0.0,1495.1,1495.1,1495.1
2026-02-05 10:00:00+00:00,0.0,1242.55,1242.55,1242.55
2026-02-05 11:00:00+00:00,0.0,625.625,625.625,625.625
2026-02-05 12:00:00+00:00,0.0,323.95,323.95,323.95
2026-02-05 13:00:00+00:00,0.0,320.3,320.3,320.3
2026-02-05 14:00:00+00:00,232.125,0.0,-232.125,-232.125
2026-02-05 15:00:00+00:00,0.0,503.95,503.95,503.95
2026-02-05 16:00:00+00:00,0.0,937.925,937.925,937.925
2026-02-05 17:00:00+00:00,0.0,480.175,480.175,480.175
2026-02-05 18:00:00+00:00,0.0,500.0,500.0,500.0
2026-02-05 19:00:00+00:00,0.0,500.0,500.0,500.0
2026-02-05 20:00:00+00:00,0.0,500.0,500.0,500.0
2026-02-05 21:00:00+00:00,0.0,470.225,470.225,470.225
2026-02-05 22:00:00+00:00,0.0,322.1,322.1,322.1
2026-02-05 23:00:00+00:00,0.0,470.70000000000005,470.70000000000005,470.70000000000005
2026-02-06 00:00:00+00:00,0.0,787.125,787.125,787.125
2026-02-06 01:00:00+00:00,0.0,809.925,809.925,809.925
2026-02-06 02:00:00+00:00,0.0,840.475,840.475,840.475
2026-02-06 03:00:00+00:00,0.0,851.5,851.5,851.5
2026-02-06 04:00:00+00:00,0.0,759.325,759.325,759.325
2026-02-06 05:00:00+00:00,0.0,1402.325,1402.325,1402.325
2026-02-06 06:00:00+00:00,0.0,1493.9,1493.9,1493.9
2026-02-06 07:00:00+00:00,0.0,1500.0,1500.0,1500.0
2026-02-06 08:00:00+00:00,0.0,764.725,764.725,764.725
2026-02-06 09:00:00+00:00,0.0,489.77500000000003,489.77500000000003,489.77500000000003
2026-02-06 10:00:00+00:00,38.4,96.05,57.65,57.65
2026-02-06 11:00:00+00:00,264.425,0.0,-264.425,-264.425
2026-02-06 12:00:00+00:00,111.275,0.0,-111.275,-111.275
2026-02-06 13:00:00+00:00,0.0,55.4,55.4,55.4
2026-02-06 14:00:00+00:00,63.025,13.975,-49.05,-49.05
2026-02-06 15:00:00+00:00,8.675,279.15,270.47499999999997,270.47499999999997
2026-02-06 16:00:00+00:00,0.0,963.925,963.925,963.925
2026-02-06 17:00:00+00:00,0.0,500.0,500.0,500.0
2026-02-06 18:00:00+00:00,0.0,500.0,500.0,500.0
2026-02-06 19:00:00+00:00,0.0,500.0,500.0,500.0
2026-02-06 20:00:00+00:00,0.0,500.0,500.0,500.0
2026-02-06 21:00:00+00:00,0.0,500.0,500.0,500.0
2026-02-06 22:00:00+00:00,0.0,500.0,500.0,500.0
2026-02-06 23:00:00+00:00,0.0,602.35,602.35,602.35
2026-02-07 00:00:00+00:00,174.15,0.0,-174.15,-174.15
2026-02-07 01:00:00+00:00,214.47500000000002,0.0,-214.47500000000002,-214.47500000000002
2026-02-07 02:00:00+00:00,619.3,0.0,-619.3,-619.3
2026-02-07 03:00:00+00:00,767.775,0.0,-767.775,-767.775
2026-02-07 04:00:00+00:00,654.4,0.0,-654.4,-654.4
2026-02-07 05:00:00+00:00,136.55,139.725,3.174999999999983,3.174999999999983
2026-02-07 06:00:00+00:00,0.0,719.45,719.45,719.45
2026-02-07 07:00:00+00:00,0.0,774.55,774.55,774.55
2026-02-07 08:00:00+00:00,0.0,677.675,677.675,677.675
2026-02-07 09:00:00+00:00,35.425,255.72500000000002,220.3,220.3
2026-02-07 10:00:00+00:00,253.275,0.0,-253.275,-253.275
2026-02-07 11:00:00+00:00,101.75,130.125,28.375,28.375
2026-02-07 12:00:00+00:00,0.0,414.325,414.325,414.325
2026-02-07 13:00:00+00:00,0.0,1221.575,1221.575,1221.575
2026-02-07 14:00:00+00:00,0.0,1497.925,1497.925,1497.925
2026-02-07 15:00:00+00:00,0.0,1495.0,1495.0,1495.0
2026-02-07 16:00:00+00:00,0.0,1000.0,1000.0,1000.0
2026-02-07 17:00:00+00:00,0.0,500.0,500.0,500.0
2026-02-07 18:00:00+00:00,0.0,500.0,500.0,500.0
2026-02-07 19:00:00+00:00,0.0,500.0,500.0,500.0
2026-02-07 20:00:00+00:00,0.0,482.875,482.875,482.875
2026-02-07 21:00:00+00:00,0.0,486.925,486.925,486.925
2026-02-07 22:00:00+00:00,0.0,454.7,454.7,454.7
2026-02-07 23:00:00+00:00,0.0,1000.0,1000.0,1000.0
2026-02-08 00:00:00+00:00,0.0,1397.875,1397.875,1397.875
2026-02-08 01:00:00+00:00,0.0,1410.55,1410.55,1410.55
2026-02-08 02:00:00+00:00,0.0,1217.025,1217.025,1217.025
2026-02-08 03:00:00+00:00,0.0,1203.575,1203.575,1203.575
2026-02-08 04:00:00+00:00,0.0,1248.9,1248.9,1248.9
2026-02-08 05:00:00+00:00,0.0,1334.4,1334.4,1334.4
2026-02-08 06:00:00+00:00,0.0,1266.15,1266.15,1266.15
2026-02-08 07:00:00+00:00,0.0,1000.75,1000.75,1000.75
2026-02-08 08:00:00+00:00,427.575,196.10000000000002,-231.47499999999997,-231.47499999999997
2026-02-08 09:00:00+00:00,1181.65,0.0,-1181.65,-1181.65
2026-02-08 10:00:00+00:00,1254.3,0.0,-1254.3,-1254.3
2026-02-08 11:00:00+00:00,1334.575,0.0,-1334.575,-1334.575
2026-02-08 12:00:00+00:00,1316.625,0.0,-1316.625,-1316.625
2026-02-08 13:00:00+00:00,1349.2,0.0,-1349.2,-1349.2
2026-02-08 14:00:00+00:00,1444.575,0.0,-1444.575,-1444.575
2026-02-08 15:00:00+00:00,1300.625,0.0,-1300.625,-1300.625
2026-02-08 16:00:00+00:00,523.7,88.475,-435.225,-435.225
2026-02-08 17:00:00+00:00,0.0,500.0,500.0,500.0
2026-02-08 18:00:00+00:00,0.0,491.55,491.55,491.55
2026-02-08 19:00:00+00:00,0.0,500.0,500.0,500.0
2026-02-08 20:00:00+00:00,0.0,500.0,500.0,500.0
2026-02-08 21:00:00+00:00,0.0,454.325,454.325,454.325
2026-02-08 22:00:00+00:00,0.0,483.025,483.025,483.025
2026-02-08 23:00:00+00:00,0.0,787.75,787.75,787.75
2026-02-09 00:00:00+00:00,0.0,765.95,765.95,765.95
2026-02-09 01:00:00+00:00,0.0,864.1,864.1,864.1
2026-02-09 02:00:00+00:00,0.0,1098.85,1098.85,1098.85
2026-02-09 03:00:00+00:00,0.0,1113.925,1113.925,1113.925
2026-02-09 04:00:00+00:00,0.0,1179.225,1179.225,1179.225
2026-02-09 05:00:00+00:00,0.0,1443.225,1443.225,1443.225
2026-02-09 06:00:00+00:00,0.0,1449.525,1449.525,1449.525
2026-02-09 07:00:00+00:00,0.0,1500.0,1500.0,1500.0
2026-02-09 08:00:00+00:00,0.0,1494.95,1494.95,1494.95
2026-02-09 09:00:00+00:00,0.0,930.8000000000001,930.8000000000001,930.8000000000001
2026-02-09 10:00:00+00:00,0.0,725.525,725.525,725.525
2026-02-09 11:00:00+00:00,0.0,633.575,633.575,633.575
2026-02-09 12:00:00+00:00,0.0,568.575,568.575,568.575
2026-02-09 13:00:00+00:00,0.0,617.5,617.5,617.5
2026-02-09 14:00:00+00:00,0.0,924.0,924.0,924.0
2026-02-09 15:00:00+00:00,0.0,1250.775,1250.775,1250.775
2026-02-09 16:00:00+00:00,0.0,1000.0,1000.0,1000.0
2026-02-09 17:00:00+00:00,0.0,500.0,500.0,500.0
2026-02-09 18:00:00+00:00,0.0,500.0,500.0,500.0
2026-02-09 19:00:00+00:00,0.0,500.0,500.0,500.0
2026-02-09 20:00:00+00:00,0.0,492.675,492.675,492.675
2026-02-09 21:00:00+00:00,0.0,499.575,499.575,499.575
2026-02-09 22:00:00+00:00,0.0,412.975,412.975,412.975
2026-02-09 23:00:00+00:00,0.0,512.05,512.05,512.05
2026-02-10 00:00:00+00:00,0.0,579.175,579.175,579.175
2026-02-10 01:00:00+00:00,0.0,1025.675,1025.675,1025.675
2026-02-10 02:00:00+00:00,0.0,1314.425,1314.425,1314.425
2026-02-10 03:00:00+00:00,0.0,1399.65,1399.65,1399.65
2026-02-10 04:00:00+00:00,0.0,1487.3,1487.3,1487.3
2026-02-10 05:00:00+00:00,0.0,1500.0,1500.0,1500.0
2026-02-10 06:00:00+00:00,0.0,1500.0,1500.0,1500.0
2026-02-10 07:00:00+00:00,0.0,1500.0,1500.0,1500.0
2026-02-10 08:00:00+00:00,0.0,1500.0,1500.0,1500.0
2026-02-10 09:00:00+00:00,0.0,1343.35,1343.35,1343.35
2026-02-10 10:00:00+00:00,0.0,1443.65,1443.65,1443.65
2026-02-10 11:00:00+00:00,0.0,1200.5,1200.5,1200.5
2026-02-10 12:00:00+00:00,0.0,804.35,804.35,804.35
2026-02-10 13:00:00+00:00,0.0,648.725,648.725,648.725
2026-02-10 14:00:00+00:00,0.0,959.4000000000001,959.4000000000001,959.4000000000001
2026-02-10 15:00:00+00:00,0.0,1260.025,1260.025,1260.025
2026-02-10 16:00:00+00:00,0.0,1000.0,1000.0,1000.0
2026-02-10 17:00:00+00:00,0.0,500.0,500.0,500.0
2026-02-10 18:00:00+00:00,0.0,497.625,497.625,497.625
2026-02-10 19:00:00+00:00,0.0,500.0,500.0,500.0
2026-02-10 20:00:00+00:00,0.0,500.0,500.0,500.0
2026-02-10 21:00:00+00:00,115.25,47.875,-67.375,-67.375
2026-02-10 22:00:00+00:00,173.0,71.025,-101.975,-101.975
2026-02-10 23:00:00+00:00,4.925,135.75,130.825,130.825
2026-02-11 00:00:00+00:00,30.725,96.3,65.57499999999999,65.57499999999999
2026-02-11 01:00:00+00:00,0.0,487.35,487.35,487.35
2026-02-11 02:00:00+00:00,0.0,750.5,750.5,750.5
2026-02-11 03:00:00+00:00,0.0,927.75,927.75,927.75
2026-02-11 04:00:00+00:00,0.0,1235.25,1235.25,1235.25
2026-02-11 05:00:00+00:00,0.0,851.6,851.6,851.6
2026-02-11 06:00:00+00:00,0.0,1500.0,1500.0,1500.0
2026-02-11 07:00:00+00:00,0.0,1500.0,1500.0,1500.0
2026-02-11 08:00:00+00:00,0.0,1500.0,1500.0,1500.0
2026-02-11 09:00:00+00:00,0.0,1500.0,1500.0,1500.0
2026-02-11 10:00:00+00:00,0.0,1359.75,1359.75,1359.75
2026-02-11 11:00:00+00:00,0.0,1022.85,1022.85,1022.85
2026-02-11 12:00:00+00:00,0.0,1379.25,1379.25,1379.25
2026-02-11 13:00:00+00:00,0.0,1450.35,1450.35,1450.35
2026-02-11 14:00:00+00:00,0.0,1485.0,1485.0,1485.0
2026-02-11 15:00:00+00:00,0.0,1485.0,1485.0,1485.0
2026-02-11 16:00:00+00:00,0.0,1000.0,1000.0,1000.0
2026-02-11 17:00:00+00:00,0.0,500.0,500.0,500.0
2026-02-11 18:00:00+00:00,0.0,500.0,500.0,500.0
2026-02-11 19:00:00+00:00,0.0,489.575,489.575,489.575
2026-02-11 20:00:00+00:00,0.0,318.525,318.525,318.525
2026-02-11 21:00:00+00:00,0.0,500.0,500.0,500.0
2026-02-11 22:00:00+00:00,0.0,477.4,477.4,477.4
2026-02-11 23:00:00+00:00,0.0,507.475,507.475,507.475
2026-02-12 00:00:00+00:00,0.0,229.675,229.675,229.675
2026-02-12 01:00:00+00:00,33.575,130.675,97.10000000000001,97.10000000000001
2026-02-12 02:00:00+00:00,0.0,525.525,525.525,525.525
2026-02-12 03:00:00+00:00,538.825,0.0,-538.825,-538.825
2026-02-12 04:00:00+00:00,514.65,0.0,-514.65,-514.65
2026-02-12 05:00:00+00:00,0.0,550.125,550.125,550.125
2026-02-12 06:00:00+00:00,0.0,929.0,929.0,929.0
2026-02-12 07:00:00+00:00,0.0,1054.675,1054.675,1054.675
2026-02-12 08:00:00+00:00,847.9,130.625,-717.275,-717.275
2026-02-12 09:00:00+00:00,1500.0,0.0,-1500.0,-1500.0
2026-02-12 10:00:00+00:00,1498.075,0.0,-1498.075,-1498.075
2026-02-12 11:00:00+00:00,1499.5,0.0,-1499.5,-1499.5
2026-02-12 12:00:00+00:00,1469.1,0.0,-1469.1,-1469.1
2026-02-12 13:00:00+00:00,1413.125,0.0,-1413.125,-1413.125
2026-02-12 14:00:00+00:00,1500.0,0.0,-1500.0,-1500.0
2026-02-12 15:00:00+00:00,1475.05,0.0,-1475.05,-1475.05
2026-02-12 16:00:00+00:00,870.325,39.475,-830.85,-830.85
2026-02-12 17:00:00+00:00,50.775,324.3,273.52500000000003,273.52500000000003
2026-02-12 18:00:00+00:00,0.0,500.0,500.0,500.0
2026-02-12 19:00:00+00:00,0.0,500.0,500.0,500.0
2026-02-12 20:00:00+00:00,0.0,500.0,500.0,500.0
2026-02-12 21:00:00+00:00,0.0,442.025,442.025,442.025
2026-02-12 22:00:00+00:00,3.85,261.625,257.775,257.775
2026-02-12 23:00:00+00:00,0.0,904.425,904.425,904.425
2026-02-13 00:00:00+00:00,0.0,1386.775,1386.775,1386.775
2026-02-13 01:00:00+00:00,0.0,1399.675,1399.675,1399.675
2026-02-13 02:00:00+00:00,0.0,1500.0,1500.0,1500.0
2026-02-13 03:00:00+00:00,0.0,1500.0,1500.0,1500.0
2026-02-13 04:00:00+00:00,0.0,1500.0,1500.0,1500.0
2026-02-13 05:00:00+00:00,0.0,1500.0,1500.0,1500.0
2026-02-13 06:00:00+00:00,0.0,1500.0,1500.0,1500.0
2026-02-13 07:00:00+00:00,0.0,1500.0,1500.0,1500.0
2026-02-13 08:00:00+00:00,0.0,1469.125,1469.125,1469.125
2026-02-13 09:00:00+00:00,0.0,1264.75,1264.75,1264.75
2026-02-13 10:00:00+00:00,0.0,541.2,541.2,541.2
2026-02-13 11:00:00+00:00,0.0,48.875,48.875,48.875
2026-02-13 12:00:00+00:00,76.17500000000001,0.0,-76.17500000000001,-76.17500000000001
2026-02-13 13:00:00+00:00,54.825,18.1,-36.725,-36.725
2026-02-13 14:00:00+00:00,5.975,68.19999999999999,62.22499999999999,62.22499999999999
2026-02-13 15:00:00+00:00,0.0,517.9,517.9,517.9
2026-02-13 16:00:00+00:00,0.0,1000.0,1000.0,1000.0
2026-02-13 17:00:00+00:00,0.0,500.0,500.0,500.0
2026-02-13 18:00:00+00:00,0.0,500.0,500.0,500.0
2026-02-13 19:00:00+00:00,0.0,500.0,500.0,500.0
2026-02-13 20:00:00+00:00,0.0,500.0,500.0,500.0
2026-02-13 21:00:00+00:00,0.0,500.0,500.0,500.0
2026-02-13 22:00:00+00:00,0.0,500.0,500.0,500.0
2026-02-13 23:00:00+00:00,0.0,1000.0,1000.0,1000.0
2026-02-14 00:00:00+00:00,0.0,1009.7,1009.7,1009.7
2026-02-14 01:00:00+00:00,0.0,1128.1,1128.1,1128.1
2026-02-14 02:00:00+00:00,0.0,632.15,632.15,632.15
2026-02-14 03:00:00+00:00,0.0,600.925,600.925,600.925
2026-02-14 04:00:00+00:00,0.0,662.95,662.95,662.95
2026-02-14 05:00:00+00:00,0.0,1191.875,1191.875,1191.875
2026-02-14 06:00:00+00:00,0.0,1471.2,1471.2,1471.2
2026-02-14 07:00:00+00:00,0.0,1219.35,1219.35,1219.35
2026-02-14 08:00:00+00:00,42.275000000000006,187.75,145.475,145.475
2026-02-14 09:00:00+00:00,1161.975,0.0,-1161.975,-1161.975
2026-02-14 10:00:00+00:00,1071.875,0.0,-1071.875,-1071.875
2026-02-14 11:00:00+00:00,1145.0,0.0,-1145.0,-1145.0
2026-02-14 12:00:00+00:00,1195.0,0.0,-1195.0,-1195.0
2026-02-14 13:00:00+00:00,1155.0,0.0,-1155.0,-1155.0
2026-02-14 14:00:00+00:00,1489.25,0.0,-1489.25,-1489.25
2026-02-14 15:00:00+00:00,1482.025,0.0,-1482.025,-1482.025
2026-02-14 16:00:00+00:00,628.9,0.0,-628.9,-628.9
2026-02-14 17:00:00+00:00,0.0,500.0,500.0,500.0
2026-02-14 18:00:00+00:00,0.0,498.65,498.65,498.65
2026-02-14 19:00:00+00:00,0.0,500.0,500.0,500.0
2026-02-14 20:00:00+00:00,0.0,500.0,500.0,500.0
2026-02-14 21:00:00+00:00,0.0,495.725,495.725,495.725
2026-02-14 22:00:00+00:00,0.0,245.925,245.925,245.925
2026-02-14 23:00:00+00:00,0.0,927.425,927.425,927.425
2026-02-15 00:00:00+00:00,0.0,1321.8,1321.8,1321.8
2026-02-15 01:00:00+00:00,0.0,1032.325,1032.325,1032.325
2026-02-15 02:00:00+00:00,0.0,530.2750000000001,530.2750000000001,530.2750000000001
2026-02-15 03:00:00+00:00,0.0,556.525,556.525,556.525
2026-02-15 04:00:00+00:00,0.0,722.45,722.45,722.45
2026-02-15 05:00:00+00:00,0.0,861.5,861.5,861.5
2026-02-15 06:00:00+00:00,0.0,1135.7,1135.7,1135.7
2026-02-15 07:00:00+00:00,17.95,539.9,521.9499999999999,521.9499999999999
2026-02-15 08:00:00+00:00,367.925,0.0,-367.925,-367.925
2026-02-15 09:00:00+00:00,947.6,0.0,-947.6,-947.6
2026-02-15 10:00:00+00:00,1486.5,0.0,-1486.5,-1486.5
2026-02-15 11:00:00+00:00,1500.0,0.0,-1500.0,-1500.0
2026-02-15 12:00:00+00:00,1455.0,0.0,-1455.0,-1455.0
2026-02-15 13:00:00+00:00,1187.2,0.0,-1187.2,-1187.2
2026-02-15 14:00:00+00:00,1025.0,0.0,-1025.0,-1025.0
2026-02-15 15:00:00+00:00,747.525,5.6,-741.925,-741.925
2026-02-15 16:00:00+00:00,0.0,443.175,443.175,443.175
2026-02-15 17:00:00+00:00,0.0,500.0,500.0,500.0
2026-02-15 18:00:00+00:00,0.0,500.0,500.0,500.0
2026-02-15 19:00:00+00:00,0.0,500.0,500.0,500.0
2026-02-15 20:00:00+00:00,0.0,500.0,500.0,500.0
2026-02-15 21:00:00+00:00,0.0,497.35,497.35,497.35
2026-02-15 22:00:00+00:00,22.125,221.4,199.275,199.275
2026-02-15 23:00:00+00:00,4.275,160.675,156.4,156.4
2026-02-16 00:00:00+00:00,0.0,121.25,121.25,121.25
2026-02-16 01:00:00+00:00,0.0,706.2,706.2,706.2
2026-02-16 02:00:00+00:00,0.0,796.5,796.5,796.5
2026-02-16 03:00:00+00:00,0.0,939.85,939.85,939.85
2026-02-16 04:00:00+00:00,0.0,331.0,331.0,331.0
2026-02-16 05:00:00+00:00,0.0,1408.225,1408.225,1408.225
2026-02-16 06:00:00+00:00,0.0,1500.0,1500.0,1500.0
2026-02-16 07:00:00+00:00,0.0,1500.0,1500.0,1500.0
2026-02-16 08:00:00+00:00,0.0,1310.85,1310.85,1310.85
2026-02-16 09:00:00+00:00,0.0,619.625,619.625,619.625
2026-02-16 10:00:00+00:00,187.85,62.825,-125.02499999999999,-125.02499999999999
2026-02-16 11:00:00+00:00,380.175,0.0,-380.175,-380.175
2026-02-16 12:00:00+00:00,616.925,0.0,-616.925,-616.925
2026-02-16 13:00:00+00:00,586.9,0.0,-586.9,-586.9
2026-02-16 14:00:00+00:00,1283.875,0.0,-1283.875,-1283.875
2026-02-16 15:00:00+00:00,546.9250000000001,46.225,-500.70000000000005,-500.70000000000005
2026-02-16 16:00:00+00:00,0.0,735.925,735.925,735.925
2026-02-16 17:00:00+00:00,0.0,480.75,480.75,480.75
2026-02-16 18:00:00+00:00,0.0,500.0,500.0,500.0
2026-02-16 19:00:00+00:00,0.0,500.0,500.0,500.0
2026-02-16 20:00:00+00:00,0.0,443.75,443.75,443.75
2026-02-16 21:00:00+00:00,0.0,500.0,500.0,500.0
2026-02-16 22:00:00+00:00,0.0,288.75,288.75,288.75
2026-02-16 23:00:00+00:00,174.95,59.6,-115.35,-115.35
2026-02-17 00:00:00+00:00,0.0,1079.675,1079.675,1079.675
2026-02-17 01:00:00+00:00,0.0,1375.575,1375.575,1375.575
2026-02-17 02:00:00+00:00,0.0,396.025,396.025,396.025
2026-02-17 03:00:00+00:00,0.0,444.8,444.8,444.8
2026-02-17 04:00:00+00:00,0.0,1331.95,1331.95,1331.95
2026-02-17 05:00:00+00:00,6.375,706.625,700.25,700.25
2026-02-17 06:00:00+00:00,0.0,1500.0,1500.0,1500.0
2026-02-17 07:00:00+00:00,0.0,1500.0,1500.0,1500.0
2026-02-17 08:00:00+00:00,0.0,1313.375,1313.375,1313.375
2026-02-17 09:00:00+00:00,0.0,398.09999999999997,398.09999999999997,398.09999999999997
2026-02-17 10:00:00+00:00,942.0500000000001,0.0,-942.0500000000001,-942.0500000000001
2026-02-17 11:00:00+00:00,1500.0,0.0,-1500.0,-1500.0
2026-02-17 12:00:00+00:00,1500.0,0.0,-1500.0,-1500.0
2026-02-17 13:00:00+00:00,1500.0,0.0,-1500.0,-1500.0
2026-02-17 14:00:00+00:00,1500.0,0.0,-1500.0,-1500.0
2026-02-17 15:00:00+00:00,1208.7,0.0,-1208.7,-1208.7
2026-02-17 16:00:00+00:00,0.0,668.85,668.85,668.85
2026-02-17 17:00:00+00:00,0.0,500.0,500.0,500.0
2026-02-17 18:00:00+00:00,0.0,500.0,500.0,500.0
2026-02-17 19:00:00+00:00,0.0,500.0,500.0,500.0
2026-02-17 20:00:00+00:00,0.0,500.0,500.0,500.0
2026-02-17 21:00:00+00:00,0.0,500.0,500.0,500.0
2026-02-17 22:00:00+00:00,0.0,500.0,500.0,500.0
2026-02-17 23:00:00+00:00,0.0,1000.0,1000.0,1000.0
2026-02-18 00:00:00+00:00,0.0,1496.0,1496.0,1496.0
2026-02-18 01:00:00+00:00,0.0,1445.1,1445.1,1445.1
2026-02-18 02:00:00+00:00,0.0,1342.35,1342.35,1342.35
2026-02-18 03:00:00+00:00,0.0,1296.05,1296.05,1296.05
2026-02-18 04:00:00+00:00,0.0,1411.45,1411.45,1411.45
2026-02-18 05:00:00+00:00,0.0,1349.425,1349.425,1349.425
2026-02-18 06:00:00+00:00,0.0,1500.0,1500.0,1500.0
2026-02-18 07:00:00+00:00,0.0,1500.0,1500.0,1500.0
2026-02-18 08:00:00+00:00,0.0,1500.0,1500.0,1500.0
2026-02-18 09:00:00+00:00,58.2,497.95000000000005,439.75000000000006,439.75000000000006
2026-02-18 10:00:00+00:00,586.325,0.0,-586.325,-586.325
2026-02-18 11:00:00+00:00,1279.925,0.0,-1279.925,-1279.925
2026-02-18 12:00:00+00:00,1500.0,0.0,-1500.0,-1500.0
2026-02-18 13:00:00+00:00,1472.925,0.0,-1472.925,-1472.925
2026-02-18 14:00:00+00:00,1499.5,0.0,-1499.5,-1499.5
2026-02-18 15:00:00+00:00,882.2750000000001,63.2,-819.075,-819.075
2026-02-18 16:00:00+00:00,0.0,796.3499999999999,796.3499999999999,796.3499999999999
2026-02-18 17:00:00+00:00,0.0,500.0,500.0,500.0
2026-02-18 18:00:00+00:00,0.0,500.0,500.0,500.0
2026-02-18 19:00:00+00:00,0.0,500.0,500.0,500.0
2026-02-18 20:00:00+00:00,0.0,500.0,500.0,500.0
2026-02-18 21:00:00+00:00,0.0,424.175,424.175,424.175
2026-02-18 22:00:00+00:00,645.825,0.0,-645.825,-645.825
2026-02-18 23:00:00+00:00,116.375,78.44999999999999,-37.92500000000001,-37.92500000000001
2026-02-19 00:00:00+00:00,480.45,0.0,-480.45,-480.45
2026-02-19 01:00:00+00:00,998.675,0.0,-998.675,-998.675
2026-02-19 02:00:00+00:00,1500.0,0.0,-1500.0,-1500.0
2026-02-19 03:00:00+00:00,1500.0,0.0,-1500.0,-1500.0
2026-02-19 04:00:00+00:00,392.0,178.07500000000002,-213.92499999999998,-213.92499999999998
2026-02-19 05:00:00+00:00,0.0,1165.275,1165.275,1165.275
2026-02-19 06:00:00+00:00,0.0,1442.05,1442.05,1442.05
2026-02-19 07:00:00+00:00,46.05,1070.2,1024.15,1024.15
2026-02-19 08:00:00+00:00,1196.225,0.0,-1196.225,-1196.225
2026-02-19 09:00:00+00:00,1500.0,0.0,-1500.0,-1500.0
2026-02-19 10:00:00+00:00,1497.275,0.0,-1497.275,-1497.275
2026-02-19 11:00:00+00:00,1500.0,0.0,-1500.0,-1500.0
2026-02-19 12:00:00+00:00,1497.9,0.0,-1497.9,-1497.9
2026-02-19 13:00:00+00:00,1497.9,0.0,-1497.9,-1497.9
2026-02-19 14:00:00+00:00,1500.0,0.0,-1500.0,-1500.0
2026-02-19 15:00:00+00:00,1500.0,0.0,-1500.0,-1500.0
2026-02-19 16:00:00+00:00,1479.375,0.0,-1479.375,-1479.375
2026-02-19 17:00:00+00:00,891.1,67.175,-823.9250000000001,-823.9250000000001
2026-02-19 18:00:00+00:00,0.0,183.425,183.425,183.425
2026-02-19 19:00:00+00:00,0.0,200.0,200.0,200.0
2026-02-19 20:00:00+00:00,89.525,91.775,2.25,2.25
2026-02-19 21:00:00+00:00,0.0,129.375,129.375,129.375
2026-02-19 22:00:00+00:00,86.45,75.0,-11.450000000000003,-11.450000000000003
2026-02-19 23:00:00+00:00,0.0,219.3,219.3,219.3
2026-02-20 00:00:00+00:00,0.0,749.925,749.925,749.925
2026-02-20 01:00:00+00:00,0.0,271.175,271.175,271.175
2026-02-20 02:00:00+00:00,321.475,0.0,-321.475,-321.475
2026-02-20 03:00:00+00:00,539.125,0.0,-539.125,-539.125
2026-02-20 04:00:00+00:00,0.0,565.3,565.3,565.3
2026-02-20 05:00:00+00:00,0.0,1500.0,1500.0,1500.0
2026-02-20 06:00:00+00:00,0.0,1416.2,1416.2,1416.2
2026-02-20 07:00:00+00:00,66.95,789.075,722.125,722.125
2026-02-20 08:00:00+00:00,965.725,121.35,-844.375,-844.375
2026-02-20 09:00:00+00:00,1500.0,0.0,-1500.0,-1500.0
2026-02-20 10:00:00+00:00,1500.0,0.0,-1500.0,-1500.0
2026-02-20 11:00:00+00:00,1500.0,0.0,-1500.0,-1500.0
2026-02-20 12:00:00+00:00,1500.0,0.0,-1500.0,-1500.0
2026-02-20 13:00:00+00:00,1500.0,0.0,-1500.0,-1500.0
2026-02-20 14:00:00+00:00,1500.0,0.0,-1500.0,-1500.0
2026-02-20 15:00:00+00:00,1500.0,0.0,-1500.0,-1500.0
2026-02-20 16:00:00+00:00,1001.6,0.0,-1001.6,-1001.6
2026-02-20 17:00:00+00:00,22.4,303.25,280.85,280.85
2026-02-20 18:00:00+00:00,28.225,0.0,-28.225,-28.225
2026-02-20 19:00:00+00:00,250.85000000000002,0.0,-250.85000000000002,-250.85000000000002
2026-02-20 20:00:00+00:00,365.525,0.0,-365.525,-365.525
2026-02-20 21:00:00+00:00,683.275,0.0,-683.275,-683.275
2026-02-20 22:00:00+00:00,1323.775,0.0,-1323.775,-1323.775
2026-02-20 23:00:00+00:00,0.0,272.225,272.225,272.225
2026-02-21 00:00:00+00:00,390.85,0.0,-390.85,-390.85
2026-02-21 01:00:00+00:00,59.45,7.95,-51.5,-51.5
2026-02-21 02:00:00+00:00,0.0,488.75,488.75,488.75
2026-02-21 03:00:00+00:00,0.0,706.875,706.875,706.875
2026-02-21 04:00:00+00:00,0.0,1064.05,1064.05,1064.05
2026-02-21 05:00:00+00:00,0.0,1335.375,1335.375,1335.375
2026-02-21 06:00:00+00:00,0.0,1251.1499999999999,1251.1499999999999,1251.1499999999999
2026-02-21 07:00:00+00:00,0.0,1140.35,1140.35,1140.35
2026-02-21 08:00:00+00:00,662.7750000000001,114.95,-547.825,-547.825
2026-02-21 09:00:00+00:00,1500.0,0.0,-1500.0,-1500.0
2026-02-21 10:00:00+00:00,1500.0,0.0,-1500.0,-1500.0
2026-02-21 11:00:00+00:00,1500.0,0.0,-1500.0,-1500.0
2026-02-21 12:00:00+00:00,1500.0,0.0,-1500.0,-1500.0
2026-02-21 13:00:00+00:00,1500.0,0.0,-1500.0,-1500.0
2026-02-21 14:00:00+00:00,1500.0,0.0,-1500.0,-1500.0
2026-02-21 15:00:00+00:00,1500.0,0.0,-1500.0,-1500.0
2026-02-21 16:00:00+00:00,1015.7,0.0,-1015.7,-1015.7
2026-02-21 17:00:00+00:00,44.95,258.075,213.125,213.125
2026-02-21 18:00:00+00:00,0.0,500.0,500.0,500.0
2026-02-21 19:00:00+00:00,0.0,454.1,454.1,454.1
2026-02-21 20:00:00+00:00,0.0,484.85,484.85,484.85
2026-02-21 21:00:00+00:00,0.0,500.0,500.0,500.0
2026-02-21 22:00:00+00:00,0.0,498.475,498.475,498.475
2026-02-21 23:00:00+00:00,0.0,712.025,712.025,712.025
2026-02-22 00:00:00+00:00,0.0,831.475,831.475,831.475
2026-02-22 01:00:00+00:00,0.0,1061.925,1061.925,1061.925
2026-02-22 02:00:00+00:00,0.0,671.175,671.175,671.175
2026-02-22 03:00:00+00:00,0.0,553.475,553.475,553.475
2026-02-22 04:00:00+00:00,0.0,815.0,815.0,815.0
2026-02-22 05:00:00+00:00,0.0,1188.55,1188.55,1188.55
2026-02-22 06:00:00+00:00,0.0,1427.5,1427.5,1427.5
2026-02-22 07:00:00+00:00,473.125,213.175,-259.95,-259.95
2026-02-22 08:00:00+00:00,1495.725,0.0,-1495.725,-1495.725
2026-02-22 09:00:00+00:00,1500.0,0.0,-1500.0,-1500.0
2026-02-22 10:00:00+00:00,1500.0,0.0,-1500.0,-1500.0
2026-02-22 11:00:00+00:00,1500.0,0.0,-1500.0,-1500.0
2026-02-22 12:00:00+00:00,1500.0,0.0,-1500.0,-1500.0
2026-02-22 13:00:00+00:00,1500.0,0.0,-1500.0,-1500.0
2026-02-22 14:00:00+00:00,1500.0,0.0,-1500.0,-1500.0
2026-02-22 15:00:00+00:00,1500.0,0.0,-1500.0,-1500.0
2026-02-22 16:00:00+00:00,1164.75,0.0,-1164.75,-1164.75
2026-02-22 17:00:00+00:00,264.025,375.0,110.97500000000002,110.97500000000002
2026-02-22 18:00:00+00:00,0.0,500.0,500.0,500.0
2026-02-22 19:00:00+00:00,0.0,500.0,500.0,500.0
2026-02-22 20:00:00+00:00,0.0,466.125,466.125,466.125
2026-02-22 21:00:00+00:00,0.0,500.0,500.0,500.0
2026-02-22 22:00:00+00:00,0.0,458.375,458.375,458.375
2026-02-22 23:00:00+00:00,0.0,692.25,692.25,692.25
2026-02-23 00:00:00+00:00,70.875,102.975,32.099999999999994,32.099999999999994
2026-02-23 01:00:00+00:00,0.0,1174.05,1174.05,1174.05
2026-02-23 02:00:00+00:00,0.0,1261.55,1261.55,1261.55
2026-02-23 03:00:00+00:00,0.0,1142.275,1142.275,1142.275
2026-02-23 04:00:00+00:00,0.0,1500.0,1500.0,1500.0
2026-02-23 05:00:00+00:00,0.0,1270.6,1270.6,1270.6
2026-02-23 06:00:00+00:00,0.0,1500.0,1500.0,1500.0
2026-02-23 07:00:00+00:00,0.0,1416.825,1416.825,1416.825
2026-02-23 08:00:00+00:00,202.825,709.8,506.97499999999997,506.97499999999997
2026-02-23 09:00:00+00:00,1050.45,0.0,-1050.45,-1050.45
2026-02-23 10:00:00+00:00,1342.0,0.0,-1342.0,-1342.0
2026-02-23 11:00:00+00:00,1488.475,0.0,-1488.475,-1488.475
2026-02-23 12:00:00+00:00,1473.425,0.0,-1473.425,-1473.425
2026-02-23 13:00:00+00:00,1487.3,0.0,-1487.3,-1487.3
2026-02-23 14:00:00+00:00,1500.0,0.0,-1500.0,-1500.0
2026-02-23 15:00:00+00:00,865.475,0.0,-865.475,-865.475
2026-02-23 16:00:00+00:00,90.35000000000001,284.325,193.97499999999997,193.97499999999997
2026-02-23 17:00:00+00:00,0.0,482.3,482.3,482.3
2026-02-23 18:00:00+00:00,0.0,500.0,500.0,500.0
2026-02-23 19:00:00+00:00,0.0,500.0,500.0,500.0
2026-02-23 20:00:00+00:00,0.0,500.0,500.0,500.0
2026-02-23 21:00:00+00:00,0.0,500.0,500.0,500.0
2026-02-23 22:00:00+00:00,0.0,500.0,500.0,500.0
2026-02-23 23:00:00+00:00,0.0,647.3,647.3,647.3
2026-02-24 00:00:00+00:00,0.0,593.375,593.375,593.375
2026-02-24 01:00:00+00:00,0.0,610.3,610.3,610.3
2026-02-24 02:00:00+00:00,0.0,689.625,689.625,689.625
2026-02-24 03:00:00+00:00,0.0,832.5999999999999,832.5999999999999,832.5999999999999
2026-02-24 04:00:00+00:00,0.0,1201.2,1201.2,1201.2
2026-02-24 05:00:00+00:00,0.0,1459.0,1459.0,1459.0
2026-02-24 06:00:00+00:00,0.0,1500.0,1500.0,1500.0
2026-02-24 07:00:00+00:00,0.0,1324.35,1324.35,1324.35
2026-02-24 08:00:00+00:00,368.425,417.825,49.39999999999998,49.39999999999998
2026-02-24 09:00:00+00:00,1370.475,0.0,-1370.475,-1370.475
2026-02-24 10:00:00+00:00,1444.425,0.0,-1444.425,-1444.425
2026-02-24 11:00:00+00:00,1348.275,0.0,-1348.275,-1348.275
2026-02-24 12:00:00+00:00,1340.025,0.0,-1340.025,-1340.025
2026-02-24 13:00:00+00:00,1385.5,0.0,-1385.5,-1385.5
2026-02-24 14:00:00+00:00,1392.15,0.0,-1392.15,-1392.15
2026-02-24 15:00:00+00:00,1239.225,0.0,-1239.225,-1239.225
2026-02-24 16:00:00+00:00,0.0,635.0999999999999,635.0999999999999,635.0999999999999
2026-02-24 17:00:00+00:00,0.0,500.0,500.0,500.0
2026-02-24 18:00:00+00:00,0.0,500.0,500.0,500.0
2026-02-24 19:00:00+00:00,0.0,500.0,500.0,500.0
2026-02-24 20:00:00+00:00,0.0,500.0,500.0,500.0
2026-02-24 21:00:00+00:00,0.0,489.175,489.175,489.175
2026-02-24 22:00:00+00:00,0.0,424.475,424.475,424.475
2026-02-24 23:00:00+00:00,0.0,1000.0,1000.0,1000.0
2026-02-25 00:00:00+00:00,0.0,1500.0,1500.0,1500.0
2026-02-25 01:00:00+00:00,0.0,1500.0,1500.0,1500.0
2026-02-25 02:00:00+00:00,0.0,1500.0,1500.0,1500.0
2026-02-25 03:00:00+00:00,0.0,1500.0,1500.0,1500.0
2026-02-25 04:00:00+00:00,0.0,1500.0,1500.0,1500.0
2026-02-25 05:00:00+00:00,0.0,1461.675,1461.675,1461.675
2026-02-25 06:00:00+00:00,0.0,1474.25,1474.25,1474.25
2026-02-25 07:00:00+00:00,0.0,1370.1,1370.1,1370.1
2026-02-25 08:00:00+00:00,170.3,437.57500000000005,267.27500000000003,267.27500000000003
2026-02-25 09:00:00+00:00,1435.375,0.0,-1435.375,-1435.375
2026-02-25 10:00:00+00:00,1484.025,0.0,-1484.025,-1484.025
2026-02-25 11:00:00+00:00,1486.925,0.0,-1486.925,-1486.925
2026-02-25 12:00:00+00:00,1489.225,0.0,-1489.225,-1489.225
2026-02-25 13:00:00+00:00,1356.95,0.0,-1356.95,-1356.95
2026-02-25 14:00:00+00:00,1499.225,0.0,-1499.225,-1499.225
2026-02-25 15:00:00+00:00,1242.775,0.0,-1242.775,-1242.775
2026-02-25 16:00:00+00:00,42.65,292.525,249.87499999999997,249.87499999999997
2026-02-25 17:00:00+00:00,0.0,448.975,448.975,448.975
2026-02-25 18:00:00+00:00,0.0,500.0,500.0,500.0
2026-02-25 19:00:00+00:00,0.0,264.925,264.925,264.925
2026-02-25 20:00:00+00:00,0.0,201.525,201.525,201.525
2026-02-25 21:00:00+00:00,0.0,351.525,351.525,351.525
2026-02-25 22:00:00+00:00,328.15,0.0,-328.15,-328.15
2026-02-25 23:00:00+00:00,0.0,650.1,650.1,650.1
2026-02-26 00:00:00+00:00,0.0,1161.125,1161.125,1161.125
2026-02-26 01:00:00+00:00,0.0,881.45,881.45,881.45
2026-02-26 02:00:00+00:00,0.0,1053.4,1053.4,1053.4
2026-02-26 03:00:00+00:00,0.0,1144.125,1144.125,1144.125
2026-02-26 04:00:00+00:00,0.0,1214.15,1214.15,1214.15
2026-02-26 05:00:00+00:00,0.0,1292.125,1292.125,1292.125
2026-02-26 06:00:00+00:00,0.0,1500.0,1500.0,1500.0
2026-02-26 07:00:00+00:00,0.0,980.325,980.325,980.325
2026-02-26 08:00:00+00:00,370.20000000000005,242.2,-128.00000000000006,-128.00000000000006
2026-02-26 09:00:00+00:00,1432.95,0.0,-1432.95,-1432.95
2026-02-26 10:00:00+00:00,1498.2,0.0,-1498.2,-1498.2
2026-02-26 11:00:00+00:00,1500.0,0.0,-1500.0,-1500.0
2026-02-26 12:00:00+00:00,1494.625,0.0,-1494.625,-1494.625
2026-02-26 13:00:00+00:00,1500.0,0.0,-1500.0,-1500.0
2026-02-26 14:00:00+00:00,1500.0,0.0,-1500.0,-1500.0
2026-02-26 15:00:00+00:00,1500.0,0.0,-1500.0,-1500.0
2026-02-26 16:00:00+00:00,527.6999999999999,8.375,-519.3249999999999,-519.3249999999999
2026-02-26 17:00:00+00:00,160.15,301.25,141.1,141.1
2026-02-26 18:00:00+00:00,0.0,489.15,489.15,489.15
2026-02-26 19:00:00+00:00,0.0,200.0,200.0,200.0
2026-02-26 20:00:00+00:00,81.175,0.0,-81.175,-81.175
2026-02-26 21:00:00+00:00,884.725,0.0,-884.725,-884.725
2026-02-26 22:00:00+00:00,1372.225,0.0,-1372.225,-1372.225
2026-02-26 23:00:00+00:00,1483.775,0.0,-1483.775,-1483.775
2026-02-27 00:00:00+00:00,898.4,0.0,-898.4,-898.4
2026-02-27 01:00:00+00:00,412.525,0.0,-412.525,-412.525
2026-02-27 02:00:00+00:00,436.575,0.0,-436.575,-436.575
2026-02-27 03:00:00+00:00,239.04999999999998,0.0,-239.04999999999998,-239.04999999999998
2026-02-27 04:00:00+00:00,0.0,267.2,267.2,267.2
2026-02-27 05:00:00+00:00,0.0,192.175,192.175,192.175
2026-02-27 06:00:00+00:00,10.825,92.25,81.425,81.425
2026-02-27 07:00:00+00:00,677.475,0.0,-677.475,-677.475
2026-02-27 08:00:00+00:00,500.375,0.0,-500.375,-500.375
2026-02-27 09:00:00+00:00,1500.0,0.0,-1500.0,-1500.0
2026-02-27 10:00:00+00:00,1497.075,0.0,-1497.075,-1497.075
2026-02-27 11:00:00+00:00,1500.0,0.0,-1500.0,-1500.0
2026-02-27 12:00:00+00:00,1500.0,0.0,-1500.0,-1500.0
2026-02-27 13:00:00+00:00,1500.0,0.0,-1500.0,-1500.0
2026-02-27 14:00:00+00:00,1420.275,0.0,-1420.275,-1420.275
2026-02-27 15:00:00+00:00,1129.8,0.0,-1129.8,-1129.8
2026-02-27 16:00:00+00:00,0.0,86.325,86.325,86.325
2026-02-27 17:00:00+00:00,0.0,408.3,408.3,408.3
2026-02-27 18:00:00+00:00,0.0,458.375,458.375,458.375
2026-02-27 19:00:00+00:00,0.0,50.0,50.0,50.0
2026-02-27 20:00:00+00:00,86.775,0.0,-86.775,-86.775
2026-02-27 21:00:00+00:00,0.0,59.675,59.675,59.675
2026-02-27 22:00:00+00:00,226.625,0.0,-226.625,-226.625
2026-02-27 23:00:00+00:00,54.225,79.64999999999999,25.42499999999999,25.42499999999999
2026-02-28 00:00:00+00:00,111.1,25.875,-85.225,-85.225
2026-02-28 01:00:00+00:00,0.0,646.275,646.275,646.275
2026-02-28 02:00:00+00:00,0.0,579.9,579.9,579.9
2026-02-28 03:00:00+00:00,0.0,944.0250000000001,944.0250000000001,944.0250000000001
2026-02-28 04:00:00+00:00,0.0,888.15,888.15,888.15
2026-02-28 05:00:00+00:00,0.0,1188.45,1188.45,1188.45
2026-02-28 06:00:00+00:00,0.0,822.35,822.35,822.35
2026-02-28 07:00:00+00:00,0.0,1460.575,1460.575,1460.575
2026-02-28 08:00:00+00:00,328.04999999999995,664.225,336.17500000000007,336.17500000000007
2026-02-28 09:00:00+00:00,1426.775,0.0,-1426.775,-1426.775
2026-02-28 10:00:00+00:00,1703.05,0.0,-1703.05,-1703.05
2026-02-28 11:00:00+00:00,1608.15,0.0,-1608.15,-1608.15
2026-02-28 12:00:00+00:00,1640.9,0.0,-1640.9,-1640.9
2026-02-28 13:00:00+00:00,1367.0,0.0,-1367.0,-1367.0
2026-02-28 14:00:00+00:00,1343.55,0.0,-1343.55,-1343.55
2026-02-28 15:00:00+00:00,815.275,0.0,-815.275,-815.275
2026-02-28 16:00:00+00:00,277.525,299.95000000000005,22.425000000000068,22.425000000000068
2026-02-28 17:00:00+00:00,0.0,565.35,565.35,565.35
2026-02-28 18:00:00+00:00,0.0,1000.0,1000.0,1000.0
2026-02-28 19:00:00+00:00,0.0,995.55,995.55,995.55
2026-02-28 20:00:00+00:00,0.0,879.475,879.475,879.475
2026-02-28 21:00:00+00:00,0.0,817.575,817.575,817.575
2026-02-28 22:00:00+00:00,0.0,621.275,621.275,621.275
2026-02-28 23:00:00+00:00,0.0,768.3,768.3,768.3
2026-03-01 00:00:00+00:00,0.0,1236.725,1236.725,1236.725
2026-03-01 01:00:00+00:00,0.0,889.35,889.35,889.35
2026-03-01 02:00:00+00:00,0.0,799.45,799.45,799.45
2026-03-01 03:00:00+00:00,0.0,863.25,863.25,863.25
2026-03-01 04:00:00+00:00,0.0,913.3,913.3,913.3
2026-03-01 05:00:00+00:00,0.0,852.675,852.675,852.675
2026-03-01 06:00:00+00:00,0.0,855.0999999999999,855.0999999999999,855.0999999999999
2026-03-01 07:00:00+00:00,0.0,481.35,481.35,481.35
2026-03-01 08:00:00+00:00,1140.7,0.0,-1140.7,-1140.7
2026-03-01 09:00:00+00:00,2312.95,0.0,-2312.95,-2312.95
2026-03-01 10:00:00+00:00,2981.575,0.0,-2981.575,-2981.575
2026-03-01 11:00:00+00:00,2873.15,0.0,-2873.15,-2873.15
2026-03-01 12:00:00+00:00,2853.4,0.0,-2853.4,-2853.4
2026-03-01 13:00:00+00:00,2843.525,0.0,-2843.525,-2843.525
2026-03-01 14:00:00+00:00,2752.975,0.0,-2752.975,-2752.975
2026-03-01 15:00:00+00:00,2537.575,0.0,-2537.575,-2537.575
2026-03-01 16:00:00+00:00,1979.525,0.0,-1979.525,-1979.525
2026-03-01 17:00:00+00:00,1075.225,0.0,-1075.225,-1075.225
2026-03-01 18:00:00+00:00,35.824999999999996,36.175,0.3500000000000014,0.3500000000000014
2026-03-01 19:00:00+00:00,421.95,0.0,-421.95,-421.95
2026-03-01 20:00:00+00:00,54.3,202.375,148.075,148.075
2026-03-01 21:00:00+00:00,155.95,120.025,-35.92499999999998,-35.92499999999998
2026-03-01 22:00:00+00:00,560.325,0.0,-560.325,-560.325
2026-03-01 23:00:00+00:00,0.0,337.875,337.875,337.875
2026-03-02 00:00:00+00:00,0.0,644.15,644.15,644.15
2026-03-02 01:00:00+00:00,0.0,582.025,582.025,582.025
2026-03-02 02:00:00+00:00,0.0,618.225,618.225,618.225
2026-03-02 03:00:00+00:00,0.0,681.175,681.175,681.175
2026-03-02 04:00:00+00:00,0.0,1483.175,1483.175,1483.175
2026-03-02 05:00:00+00:00,0.0,1883.125,1883.125,1883.125
2026-03-02 06:00:00+00:00,0.0,2105.225,2105.225,2105.225
2026-03-02 07:00:00+00:00,0.0,1330.575,1330.575,1330.575
2026-03-02 08:00:00+00:00,301.15,226.625,-74.52499999999998,-74.52499999999998
2026-03-02 09:00:00+00:00,1385.525,0.0,-1385.525,-1385.525
2026-03-02 10:00:00+00:00,2933.2,0.0,-2933.2,-2933.2
2026-03-02 11:00:00+00:00,3000.0,0.0,-3000.0,-3000.0
2026-03-02 12:00:00+00:00,2990.05,0.0,-2990.05,-2990.05
2026-03-02 13:00:00+00:00,2999.25,0.0,-2999.25,-2999.25
2026-03-02 14:00:00+00:00,2981.075,0.0,-2981.075,-2981.075
2026-03-02 15:00:00+00:00,1783.225,0.0,-1783.225,-1783.225
2026-03-02 16:00:00+00:00,801.05,0.0,-801.05,-801.05
2026-03-02 17:00:00+00:00,542.275,87.5,-454.775,-454.775
2026-03-02 18:00:00+00:00,115.35,0.0,-115.35,-115.35
2026-03-02 19:00:00+00:00,0.0,500.0,500.0,500.0
2026-03-02 20:00:00+00:00,91.1,0.0,-91.1,-91.1
2026-03-02 21:00:00+00:00,78.94999999999999,0.0,-78.94999999999999,-78.94999999999999
2026-03-02 22:00:00+00:00,90.9,134.475,43.57499999999999,43.57499999999999
2026-03-02 23:00:00+00:00,0.0,463.6,463.6,463.6
2026-03-03 00:00:00+00:00,0.0,550.25,550.25,550.25
2026-03-03 01:00:00+00:00,0.0,825.725,825.725,825.725
2026-03-03 02:00:00+00:00,0.0,1089.5,1089.5,1089.5
2026-03-03 03:00:00+00:00,0.0,1329.55,1329.55,1329.55
2026-03-03 04:00:00+00:00,0.0,1498.875,1498.875,1498.875
2026-03-03 05:00:00+00:00,0.0,1695.9499999999998,1695.9499999999998,1695.9499999999998
2026-03-03 06:00:00+00:00,0.0,1915.275,1915.275,1915.275
2026-03-03 07:00:00+00:00,0.0,1233.05,1233.05,1233.05
2026-03-03 08:00:00+00:00,119.7,313.325,193.625,193.625
2026-03-03 09:00:00+00:00,740.0,0.0,-740.0,-740.0
2026-03-03 10:00:00+00:00,1050.925,0.0,-1050.925,-1050.925
2026-03-03 11:00:00+00:00,1979.65,0.0,-1979.65,-1979.65
2026-03-03 12:00:00+00:00,2136.8,0.0,-2136.8,-2136.8
2026-03-03 13:00:00+00:00,1975.875,0.0,-1975.875,-1975.875
2026-03-03 14:00:00+00:00,2388.65,0.0,-2388.65,-2388.65
2026-03-03 15:00:00+00:00,2130.225,0.0,-2130.225,-2130.225
2026-03-03 16:00:00+00:00,923.9499999999999,0.0,-923.9499999999999,-923.9499999999999
2026-03-03 17:00:00+00:00,92.85,463.4,370.54999999999995,370.54999999999995
2026-03-03 18:00:00+00:00,0.0,565.0,565.0,565.0
2026-03-03 19:00:00+00:00,0.0,315.0,315.0,315.0
2026-03-03 20:00:00+00:00,22.5,0.0,-22.5,-22.5
2026-03-03 21:00:00+00:00,0.0,489.175,489.175,489.175
2026-03-03 22:00:00+00:00,0.0,214.9,214.9,214.9
2026-03-03 23:00:00+00:00,0.0,1400.975,1400.975,1400.975
2026-03-04 00:00:00+00:00,0.0,1533.875,1533.875,1533.875
2026-03-04 01:00:00+00:00,0.0,1909.45,1909.45,1909.45
2026-03-04 02:00:00+00:00,0.0,1599.175,1599.175,1599.175
2026-03-04 03:00:00+00:00,0.0,1601.425,1601.425,1601.425
2026-03-04 04:00:00+00:00,0.0,2049.825,2049.825,2049.825
2026-03-04 05:00:00+00:00,0.0,2323.3,2323.3,2323.3
2026-03-04 06:00:00+00:00,0.0,2500.0,2500.0,2500.0
2026-03-04 07:00:00+00:00,0.0,2353.725,2353.725,2353.725
2026-03-04 08:00:00+00:00,0.0,1143.4,1143.4,1143.4
2026-03-04 09:00:00+00:00,168.875,88.2,-80.675,-80.675
2026-03-04 10:00:00+00:00,189.85000000000002,20.0,-169.85000000000002,-169.85000000000002
2026-03-04 11:00:00+00:00,1735.125,0.0,-1735.125,-1735.125
2026-03-04 12:00:00+00:00,2863.75,0.0,-2863.75,-2863.75
2026-03-04 13:00:00+00:00,2532.7250000000004,0.0,-2532.7250000000004,-2532.7250000000004
2026-03-04 14:00:00+00:00,1210.875,0.0,-1210.875,-1210.875
2026-03-04 15:00:00+00:00,826.7,0.0,-826.7,-826.7
2026-03-04 16:00:00+00:00,553.85,141.4,-412.45000000000005,-412.45000000000005
2026-03-04 17:00:00+00:00,0.0,565.125,565.125,565.125
2026-03-04 18:00:00+00:00,0.25,281.9,281.65,281.65
2026-03-04 19:00:00+00:00,584.075,0.0,-584.075,-584.075
2026-03-04 20:00:00+00:00,331.075,0.0,-331.075,-331.075
2026-03-04 21:00:00+00:00,553.6,0.0,-553.6,-553.6
2026-03-04 22:00:00+00:00,1107.325,0.0,-1107.325,-1107.325
2026-03-04 23:00:00+00:00,1070.325,0.0,-1070.325,-1070.325
2026-03-05 00:00:00+00:00,848.325,0.0,-848.325,-848.325
2026-03-05 01:00:00+00:00,494.375,0.0,-494.375,-494.375
2026-03-05 02:00:00+00:00,838.075,0.0,-838.075,-838.075
2026-03-05 03:00:00+00:00,671.9,0.0,-671.9,-671.9
2026-03-05 04:00:00+00:00,157.975,25.825,-132.15,-132.15
2026-03-05 05:00:00+00:00,0.0,1276.0,1276.0,1276.0
2026-03-05 06:00:00+00:00,0.0,2303.35,2303.35,2303.35
2026-03-05 07:00:00+00:00,0.0,1698.425,1698.425,1698.425
2026-03-05 08:00:00+00:00,529.375,153.125,-376.25,-376.25
2026-03-05 09:00:00+00:00,1764.225,0.0,-1764.225,-1764.225
2026-03-05 10:00:00+00:00,2388.25,0.0,-2388.25,-2388.25
2026-03-05 11:00:00+00:00,2302.625,0.0,-2302.625,-2302.625
2026-03-05 12:00:00+00:00,2563.9750000000004,0.0,-2563.9750000000004,-2563.9750000000004
2026-03-05 13:00:00+00:00,1942.1999999999998,0.0,-1942.1999999999998,-1942.1999999999998
2026-03-05 14:00:00+00:00,1269.65,0.0,-1269.65,-1269.65
2026-03-05 15:00:00+00:00,959.525,0.0,-959.525,-959.525
2026-03-05 16:00:00+00:00,170.8,255.75,84.94999999999999,84.94999999999999
2026-03-05 17:00:00+00:00,0.0,867.275,867.275,867.275
2026-03-05 18:00:00+00:00,0.0,1000.0,1000.0,1000.0
2026-03-05 19:00:00+00:00,0.0,1000.0,1000.0,1000.0
2026-03-05 20:00:00+00:00,0.0,27.875,27.875,27.875
2026-03-05 21:00:00+00:00,2.825,0.0,-2.825,-2.825
2026-03-05 22:00:00+00:00,1372.225,0.0,-1372.225,-1372.225
2026-03-05 23:00:00+00:00,0.0,1766.0,1766.0,1766.0
2026-03-06 00:00:00+00:00,0.0,1994.425,1994.425,1994.425
2026-03-06 01:00:00+00:00,0.0,2153.025,2153.025,2153.025
2026-03-06 02:00:00+00:00,0.0,1968.575,1968.575,1968.575
2026-03-06 03:00:00+00:00,0.0,1803.225,1803.225,1803.225
2026-03-06 04:00:00+00:00,0.0,1999.725,1999.725,1999.725
2026-03-06 05:00:00+00:00,0.0,2059.05,2059.05,2059.05
2026-03-06 06:00:00+00:00,0.0,2144.95,2144.95,2144.95
2026-03-06 07:00:00+00:00,0.0,1305.975,1305.975,1305.975
2026-03-06 08:00:00+00:00,0.0,694.4,694.4,694.4
2026-03-06 09:00:00+00:00,0.0,550.9,550.9,550.9
2026-03-06 10:00:00+00:00,2.9,300.775,297.875,297.875
2026-03-06 11:00:00+00:00,282.5,0.0,-282.5,-282.5
2026-03-06 12:00:00+00:00,48.85,2.05,-46.800000000000004,-46.800000000000004
2026-03-06 13:00:00+00:00,30.425,0.0,-30.425,-30.425
2026-03-06 14:00:00+00:00,145.425,0.0,-145.425,-145.425
2026-03-06 15:00:00+00:00,3.15,67.05,63.9,63.9
2026-03-06 16:00:00+00:00,121.9,39.025,-82.875,-82.875
2026-03-06 17:00:00+00:00,33.4,426.325,392.925,392.925
2026-03-06 18:00:00+00:00,0.0,800.0,800.0,800.0
2026-03-06 19:00:00+00:00,0.0,675.95,675.95,675.95
2026-03-06 20:00:00+00:00,0.0,736.575,736.575,736.575
2026-03-06 21:00:00+00:00,0.0,568.425,568.425,568.425
2026-03-06 22:00:00+00:00,344.775,24.675,-320.09999999999997,-320.09999999999997
2026-03-06 23:00:00+00:00,0.0,786.5,786.5,786.5
