,IT_CSUD_IT_SARD,IT_SARD_IT_CSUD,IT_SARD_IT_CSUD_net_export,Net Export
2026-01-01 00:00:00+00:00,224.87,0.0,-224.87,-224.87
2026-01-01 01:00:00+00:00,326.21999999999997,0.0,-326.21999999999997,-326.21999999999997
2026-01-01 02:00:00+00:00,438.46000000000004,0.0,-438.46000000000004,-438.46000000000004
2026-01-01 03:00:00+00:00,365.845,0.0,-365.845,-365.845
2026-01-01 04:00:00+00:00,243.695,0.0,-243.695,-243.695
2026-01-01 05:00:00+00:00,183.36249999999998,0.0,-183.36249999999998,-183.36249999999998
2026-01-01 06:00:00+00:00,323.1875,0.0,-323.1875,-323.1875
2026-01-01 07:00:00+00:00,157.215,0.0,-157.215,-157.215
2026-01-01 08:00:00+00:00,60.85,0.0,-60.85,-60.85
2026-01-01 09:00:00+00:00,123.095,0.0,-123.095,-123.095
2026-01-01 10:00:00+00:00,280.7875,0.0,-280.7875,-280.7875
2026-01-01 11:00:00+00:00,332.3525,0.0,-332.3525,-332.3525
2026-01-01 12:00:00+00:00,123.6175,0.0,-123.6175,-123.6175
2026-01-01 13:00:00+00:00,136.0375,0.0,-136.0375,-136.0375
2026-01-01 14:00:00+00:00,180.675,0.0,-180.675,-180.675
2026-01-01 15:00:00+00:00,305.8425,0.0,-305.8425,-305.8425
2026-01-01 16:00:00+00:00,271.3125,0.0,-271.3125,-271.3125
2026-01-01 17:00:00+00:00,402.55,0.0,-402.55,-402.55
2026-01-01 18:00:00+00:00,418.7975,0.0,-418.7975,-418.7975
2026-01-01 19:00:00+00:00,417.46,0.0,-417.46,-417.46
2026-01-01 20:00:00+00:00,342.9975,0.0,-342.9975,-342.9975
2026-01-01 21:00:00+00:00,283.3675,0.0,-283.3675,-283.3675
2026-01-01 22:00:00+00:00,154.06,0.0,-154.06,-154.06
2026-01-01 23:00:00+00:00,5.4075,109.5025,104.095,104.095
2026-01-02 00:00:00+00:00,0.0,191.3275,191.3275,191.3275
2026-01-02 01:00:00+00:00,0.0,200.83,200.83,200.83
2026-01-02 02:00:00+00:00,134.885,10.4525,-124.43249999999999,-124.43249999999999
2026-01-02 03:00:00+00:00,407.515,0.0,-407.515,-407.515
2026-01-02 04:00:00+00:00,211.9125,0.0,-211.9125,-211.9125
2026-01-02 05:00:00+00:00,151.48499999999999,0.0,-151.48499999999999,-151.48499999999999
2026-01-02 06:00:00+00:00,44.6425,221.365,176.72250000000003,176.72250000000003
2026-01-02 07:00:00+00:00,0.0,456.56,456.56,456.56
2026-01-02 08:00:00+00:00,0.0,356.745,356.745,356.745
2026-01-02 09:00:00+00:00,0.0,289.4425,289.4425,289.4425
2026-01-02 10:00:00+00:00,0.0,225.8275,225.8275,225.8275
2026-01-02 11:00:00+00:00,208.0125,0.0,-208.0125,-208.0125
2026-01-02 12:00:00+00:00,148.4975,0.0,-148.4975,-148.4975
2026-01-02 13:00:00+00:00,155.41750000000002,0.0,-155.41750000000002,-155.41750000000002
2026-01-02 14:00:00+00:00,119.725,0.0,-119.725,-119.725
2026-01-02 15:00:00+00:00,150.17000000000002,0.0,-150.17000000000002,-150.17000000000002
2026-01-02 16:00:00+00:00,152.4875,0.0,-152.4875,-152.4875
2026-01-02 17:00:00+00:00,0.0,310.5375,310.5375,310.5375
2026-01-02 18:00:00+00:00,0.0,322.745,322.745,322.745
2026-01-02 19:00:00+00:00,0.0,374.05,374.05,374.05
2026-01-02 20:00:00+00:00,0.0,109.765,109.765,109.765
2026-01-02 21:00:00+00:00,69.535,0.0,-69.535,-69.535
2026-01-02 22:00:00+00:00,51.4525,0.0,-51.4525,-51.4525
2026-01-02 23:00:00+00:00,125.91,0.0,-125.91,-125.91
2026-01-03 00:00:00+00:00,191.31,0.0,-191.31,-191.31
2026-01-03 01:00:00+00:00,211.785,0.0,-211.785,-211.785
2026-01-03 02:00:00+00:00,103.745,0.0,-103.745,-103.745
2026-01-03 03:00:00+00:00,142.6675,0.0,-142.6675,-142.6675
2026-01-03 04:00:00+00:00,105.3925,0.0,-105.3925,-105.3925
2026-01-03 05:00:00+00:00,100.4,0.0,-100.4,-100.4
2026-01-03 06:00:00+00:00,83.1375,70.265,-12.872500000000002,-12.872500000000002
2026-01-03 07:00:00+00:00,0.0,375.04499999999996,375.04499999999996,375.04499999999996
2026-01-03 08:00:00+00:00,0.0,331.925,331.925,331.925
2026-01-03 09:00:00+00:00,0.0,237.3025,237.3025,237.3025
2026-01-03 10:00:00+00:00,0.0,301.6175,301.6175,301.6175
2026-01-03 11:00:00+00:00,0.0,240.79250000000002,240.79250000000002,240.79250000000002
2026-01-03 12:00:00+00:00,0.0,178.8775,178.8775,178.8775
2026-01-03 13:00:00+00:00,0.0,320.7825,320.7825,320.7825
2026-01-03 14:00:00+00:00,0.0,147.5375,147.5375,147.5375
2026-01-03 15:00:00+00:00,225.39249999999998,0.0,-225.39249999999998,-225.39249999999998
2026-01-03 16:00:00+00:00,184.1775,0.0,-184.1775,-184.1775
2026-01-03 17:00:00+00:00,227.17,0.0,-227.17,-227.17
2026-01-03 18:00:00+00:00,257.935,0.0,-257.935,-257.935
2026-01-03 19:00:00+00:00,388.02750000000003,0.0,-388.02750000000003,-388.02750000000003
2026-01-03 20:00:00+00:00,355.825,0.0,-355.825,-355.825
2026-01-03 21:00:00+00:00,340.985,0.0,-340.985,-340.985
2026-01-03 22:00:00+00:00,181.6875,0.0,-181.6875,-181.6875
2026-01-03 23:00:00+00:00,121.775,0.0,-121.775,-121.775
2026-01-04 00:00:00+00:00,49.9975,0.0,-49.9975,-49.9975
2026-01-04 01:00:00+00:00,407.5275,0.0,-407.5275,-407.5275
2026-01-04 02:00:00+00:00,521.7875,0.0,-521.7875,-521.7875
2026-01-04 03:00:00+00:00,567.9025,0.0,-567.9025,-567.9025
2026-01-04 04:00:00+00:00,290.4075,0.0,-290.4075,-290.4075
2026-01-04 05:00:00+00:00,162.3275,0.0,-162.3275,-162.3275
2026-01-04 06:00:00+00:00,184.1325,0.0,-184.1325,-184.1325
2026-01-04 07:00:00+00:00,215.04,0.0,-215.04,-215.04
2026-01-04 08:00:00+00:00,244.4925,0.0,-244.4925,-244.4925
2026-01-04 09:00:00+00:00,299.6625,0.0,-299.6625,-299.6625
2026-01-04 10:00:00+00:00,270.535,0.0,-270.535,-270.535
2026-01-04 11:00:00+00:00,207.3675,0.0,-207.3675,-207.3675
2026-01-04 12:00:00+00:00,276.01750000000004,0.0,-276.01750000000004,-276.01750000000004
2026-01-04 13:00:00+00:00,238.33499999999998,0.0,-238.33499999999998,-238.33499999999998
2026-01-04 14:00:00+00:00,266.7525,0.0,-266.7525,-266.7525
2026-01-04 15:00:00+00:00,359.8,0.0,-359.8,-359.8
2026-01-04 16:00:00+00:00,168.235,0.0,-168.235,-168.235
2026-01-04 17:00:00+00:00,96.6175,0.0,-96.6175,-96.6175
2026-01-04 18:00:00+00:00,92.36,0.0,-92.36,-92.36
2026-01-04 19:00:00+00:00,485.5525,0.0,-485.5525,-485.5525
2026-01-04 20:00:00+00:00,509.90250000000003,0.0,-509.90250000000003,-509.90250000000003
2026-01-04 21:00:00+00:00,402.15999999999997,0.0,-402.15999999999997,-402.15999999999997
2026-01-04 22:00:00+00:00,336.58500000000004,0.0,-336.58500000000004,-336.58500000000004
2026-01-04 23:00:00+00:00,165.775,0.0,-165.775,-165.775
2026-01-05 00:00:00+00:00,515.0799999999999,0.0,-515.0799999999999,-515.0799999999999
2026-01-05 01:00:00+00:00,513.285,0.0,-513.285,-513.285
2026-01-05 02:00:00+00:00,686.0175,0.0,-686.0175,-686.0175
2026-01-05 03:00:00+00:00,571.6575,0.0,-571.6575,-571.6575
2026-01-05 04:00:00+00:00,192.91500000000002,0.0,-192.91500000000002,-192.91500000000002
2026-01-05 05:00:00+00:00,374.1275,0.0,-374.1275,-374.1275
2026-01-05 06:00:00+00:00,358.525,0.0,-358.525,-358.525
2026-01-05 07:00:00+00:00,119.67500000000001,56.525,-63.15000000000001,-63.15000000000001
2026-01-05 08:00:00+00:00,0.0,289.835,289.835,289.835
2026-01-05 09:00:00+00:00,0.0,261.3775,261.3775,261.3775
2026-01-05 10:00:00+00:00,0.0,150.68,150.68,150.68
2026-01-05 11:00:00+00:00,45.737500000000004,70.42750000000001,24.690000000000005,24.690000000000005
2026-01-05 12:00:00+00:00,292.3,0.0,-292.3,-292.3
2026-01-05 13:00:00+00:00,225.99,0.0,-225.99,-225.99
2026-01-05 14:00:00+00:00,186.2325,0.0,-186.2325,-186.2325
2026-01-05 15:00:00+00:00,316.4,0.0,-316.4,-316.4
2026-01-05 16:00:00+00:00,72.1175,75.37,3.2524999999999977,3.2524999999999977
2026-01-05 17:00:00+00:00,0.0,204.9675,204.9675,204.9675
2026-01-05 18:00:00+00:00,17.52,126.7875,109.2675,109.2675
2026-01-05 19:00:00+00:00,341.065,0.0,-341.065,-341.065
2026-01-05 20:00:00+00:00,328.2,0.0,-328.2,-328.2
2026-01-05 21:00:00+00:00,264.58,0.0,-264.58,-264.58
2026-01-05 22:00:00+00:00,166.4075,0.0,-166.4075,-166.4075
2026-01-05 23:00:00+00:00,545.1375,0.0,-545.1375,-545.1375
2026-01-06 00:00:00+00:00,70.3725,0.0,-70.3725,-70.3725
2026-01-06 01:00:00+00:00,567.185,0.0,-567.185,-567.185
2026-01-06 02:00:00+00:00,669.2025,0.0,-669.2025,-669.2025
2026-01-06 03:00:00+00:00,537.9399999999999,0.0,-537.9399999999999,-537.9399999999999
2026-01-06 04:00:00+00:00,260.65999999999997,0.0,-260.65999999999997,-260.65999999999997
2026-01-06 05:00:00+00:00,106.7325,0.0,-106.7325,-106.7325
2026-01-06 06:00:00+00:00,207.1,0.0,-207.1,-207.1
2026-01-06 07:00:00+00:00,201.495,0.0,-201.495,-201.495
2026-01-06 08:00:00+00:00,206.91,0.0,-206.91,-206.91
2026-01-06 09:00:00+00:00,0.0,178.93,178.93,178.93
2026-01-06 10:00:00+00:00,0.0,138.0625,138.0625,138.0625
2026-01-06 11:00:00+00:00,0.0,171.69,171.69,171.69
2026-01-06 12:00:00+00:00,0.0,160.7975,160.7975,160.7975
2026-01-06 13:00:00+00:00,0.0,146.0775,146.0775,146.0775
2026-01-06 14:00:00+00:00,0.0,140.105,140.105,140.105
2026-01-06 15:00:00+00:00,0.0,141.81,141.81,141.81
2026-01-06 16:00:00+00:00,0.0,301.38,301.38,301.38
2026-01-06 17:00:00+00:00,0.0,314.475,314.475,314.475
2026-01-06 18:00:00+00:00,59.035000000000004,77.7875,18.75249999999999,18.75249999999999
2026-01-06 19:00:00+00:00,317.135,0.0,-317.135,-317.135
2026-01-06 20:00:00+00:00,342.805,0.0,-342.805,-342.805
2026-01-06 21:00:00+00:00,337.6,0.0,-337.6,-337.6
2026-01-06 22:00:00+00:00,186.07,0.0,-186.07,-186.07
2026-01-06 23:00:00+00:00,334.4875,0.0,-334.4875,-334.4875
2026-01-07 00:00:00+00:00,187.0925,0.0,-187.0925,-187.0925
2026-01-07 01:00:00+00:00,141.4625,0.0,-141.4625,-141.4625
2026-01-07 02:00:00+00:00,246.4775,0.0,-246.4775,-246.4775
2026-01-07 03:00:00+00:00,157.885,80.5675,-77.3175,-77.3175
2026-01-07 04:00:00+00:00,0.0,229.11249999999998,229.11249999999998,229.11249999999998
2026-01-07 05:00:00+00:00,0.0,147.2625,147.2625,147.2625
2026-01-07 06:00:00+00:00,0.0,132.8125,132.8125,132.8125
2026-01-07 07:00:00+00:00,0.0,599.8425,599.8425,599.8425
2026-01-07 08:00:00+00:00,0.0,638.565,638.565,638.565
2026-01-07 09:00:00+00:00,0.0,531.8125,531.8125,531.8125
2026-01-07 10:00:00+00:00,0.0,294.89250000000004,294.89250000000004,294.89250000000004
2026-01-07 11:00:00+00:00,0.0,400.5275,400.5275,400.5275
2026-01-07 12:00:00+00:00,0.0,425.075,425.075,425.075
2026-01-07 13:00:00+00:00,0.0,405.46500000000003,405.46500000000003,405.46500000000003
2026-01-07 14:00:00+00:00,0.0,459.6725,459.6725,459.6725
2026-01-07 15:00:00+00:00,0.0,478.4125,478.4125,478.4125
2026-01-07 16:00:00+00:00,0.0,671.45,671.45,671.45
2026-01-07 17:00:00+00:00,0.0,278.2025,278.2025,278.2025
2026-01-07 18:00:00+00:00,0.0,145.6025,145.6025,145.6025
2026-01-07 19:00:00+00:00,0.0,82.96,82.96,82.96
2026-01-07 20:00:00+00:00,0.0,85.53999999999999,85.53999999999999,85.53999999999999
2026-01-07 21:00:00+00:00,0.0,185.73000000000002,185.73000000000002,185.73000000000002
2026-01-07 22:00:00+00:00,0.0,307.4175,307.4175,307.4175
2026-01-07 23:00:00+00:00,0.0,240.9825,240.9825,240.9825
2026-01-08 00:00:00+00:00,0.0,211.51999999999998,211.51999999999998,211.51999999999998
2026-01-08 01:00:00+00:00,0.0,137.115,137.115,137.115
2026-01-08 02:00:00+00:00,0.0,60.427499999999995,60.427499999999995,60.427499999999995
2026-01-08 03:00:00+00:00,0.0,349.28,349.28,349.28
2026-01-08 04:00:00+00:00,0.0,477.515,477.515,477.515
2026-01-08 05:00:00+00:00,0.0,548.9175,548.9175,548.9175
2026-01-08 06:00:00+00:00,0.0,643.985,643.985,643.985
2026-01-08 07:00:00+00:00,0.0,766.3725,766.3725,766.3725
2026-01-08 08:00:00+00:00,0.0,766.79,766.79,766.79
2026-01-08 09:00:00+00:00,0.0,466.96750000000003,466.96750000000003,466.96750000000003
2026-01-08 10:00:00+00:00,0.0,414.5625,414.5625,414.5625
2026-01-08 11:00:00+00:00,0.0,273.9475,273.9475,273.9475
2026-01-08 12:00:00+00:00,0.0,473.39250000000004,473.39250000000004,473.39250000000004
2026-01-08 13:00:00+00:00,0.0,469.565,469.565,469.565
2026-01-08 14:00:00+00:00,0.0,599.6125,599.6125,599.6125
2026-01-08 15:00:00+00:00,0.0,770.275,770.275,770.275
2026-01-08 16:00:00+00:00,0.0,789.8025,789.8025,789.8025
2026-01-08 17:00:00+00:00,0.0,294.515,294.515,294.515
2026-01-08 18:00:00+00:00,0.0,203.76749999999998,203.76749999999998,203.76749999999998
2026-01-08 19:00:00+00:00,0.0,118.865,118.865,118.865
2026-01-08 20:00:00+00:00,0.0,76.66499999999999,76.66499999999999,76.66499999999999
2026-01-08 21:00:00+00:00,0.0,165.02499999999998,165.02499999999998,165.02499999999998
2026-01-08 22:00:00+00:00,0.0,244.1325,244.1325,244.1325
2026-01-08 23:00:00+00:00,156.82750000000001,0.0,-156.82750000000001,-156.82750000000001
2026-01-09 00:00:00+00:00,121.4575,0.0,-121.4575,-121.4575
2026-01-09 01:00:00+00:00,265.36,0.0,-265.36,-265.36
2026-01-09 02:00:00+00:00,188.645,0.0,-188.645,-188.645
2026-01-09 03:00:00+00:00,0.0,273.46500000000003,273.46500000000003,273.46500000000003
2026-01-09 04:00:00+00:00,0.0,527.6775,527.6775,527.6775
2026-01-09 05:00:00+00:00,0.0,593.2775,593.2775,593.2775
2026-01-09 06:00:00+00:00,0.0,654.355,654.355,654.355
2026-01-09 07:00:00+00:00,0.0,691.05,691.05,691.05
2026-01-09 08:00:00+00:00,0.0,593.035,593.035,593.035
2026-01-09 09:00:00+00:00,0.0,530.1750000000001,530.1750000000001,530.1750000000001
2026-01-09 10:00:00+00:00,0.0,494.5725,494.5725,494.5725
2026-01-09 11:00:00+00:00,0.0,560.23,560.23,560.23
2026-01-09 12:00:00+00:00,0.0,440.55,440.55,440.55
2026-01-09 13:00:00+00:00,0.0,645.6775,645.6775,645.6775
2026-01-09 14:00:00+00:00,0.0,454.3825,454.3825,454.3825
2026-01-09 15:00:00+00:00,0.0,506.2825,506.2825,506.2825
2026-01-09 16:00:00+00:00,0.0,457.9975,457.9975,457.9975
2026-01-09 17:00:00+00:00,0.0,377.81,377.81,377.81
2026-01-09 18:00:00+00:00,0.0,256.2725,256.2725,256.2725
2026-01-09 19:00:00+00:00,0.0,244.71,244.71,244.71
2026-01-09 20:00:00+00:00,0.0,318.6875,318.6875,318.6875
2026-01-09 21:00:00+00:00,0.0,367.2575,367.2575,367.2575
2026-01-09 22:00:00+00:00,0.0,419.34749999999997,419.34749999999997,419.34749999999997
2026-01-09 23:00:00+00:00,0.0,263.6,263.6,263.6
2026-01-10 00:00:00+00:00,0.0,364.495,364.495,364.495
2026-01-10 01:00:00+00:00,0.0,308.44,308.44,308.44
2026-01-10 02:00:00+00:00,0.0,160.96,160.96,160.96
2026-01-10 03:00:00+00:00,0.0,190.97750000000002,190.97750000000002,190.97750000000002
2026-01-10 04:00:00+00:00,0.0,301.2125,301.2125,301.2125
2026-01-10 05:00:00+00:00,0.0,343.28499999999997,343.28499999999997,343.28499999999997
2026-01-10 06:00:00+00:00,0.0,312.975,312.975,312.975
2026-01-10 07:00:00+00:00,0.0,600.1275,600.1275,600.1275
2026-01-10 08:00:00+00:00,0.0,681.5025,681.5025,681.5025
2026-01-10 09:00:00+00:00,0.0,521.025,521.025,521.025
2026-01-10 10:00:00+00:00,0.0,583.14,583.14,583.14
2026-01-10 11:00:00+00:00,0.0,718.085,718.085,718.085
2026-01-10 12:00:00+00:00,0.0,445.4625,445.4625,445.4625
2026-01-10 13:00:00+00:00,0.0,461.15500000000003,461.15500000000003,461.15500000000003
2026-01-10 14:00:00+00:00,0.0,153.4475,153.4475,153.4475
2026-01-10 15:00:00+00:00,0.0,252.4375,252.4375,252.4375
2026-01-10 16:00:00+00:00,0.0,676.265,676.265,676.265
2026-01-10 17:00:00+00:00,0.0,648.0925,648.0925,648.0925
2026-01-10 18:00:00+00:00,0.0,578.8824999999999,578.8824999999999,578.8824999999999
2026-01-10 19:00:00+00:00,0.0,282.6125,282.6125,282.6125
2026-01-10 20:00:00+00:00,0.0,246.72750000000002,246.72750000000002,246.72750000000002
2026-01-10 21:00:00+00:00,0.0,164.3175,164.3175,164.3175
2026-01-10 22:00:00+00:00,0.0,173.845,173.845,173.845
2026-01-10 23:00:00+00:00,0.0,168.2275,168.2275,168.2275
2026-01-11 00:00:00+00:00,0.0,556.21,556.21,556.21
2026-01-11 01:00:00+00:00,0.0,174.85999999999999,174.85999999999999,174.85999999999999
2026-01-11 02:00:00+00:00,0.0,65.1875,65.1875,65.1875
2026-01-11 03:00:00+00:00,0.0,163.82,163.82,163.82
2026-01-11 04:00:00+00:00,0.0,142.04500000000002,142.04500000000002,142.04500000000002
2026-01-11 05:00:00+00:00,0.0,217.4525,217.4525,217.4525
2026-01-11 06:00:00+00:00,0.0,155.265,155.265,155.265
2026-01-11 07:00:00+00:00,0.0,94.5825,94.5825,94.5825
2026-01-11 08:00:00+00:00,0.0,186.08499999999998,186.08499999999998,186.08499999999998
2026-01-11 09:00:00+00:00,0.0,110.1375,110.1375,110.1375
2026-01-11 10:00:00+00:00,113.8175,30.2425,-83.57499999999999,-83.57499999999999
2026-01-11 11:00:00+00:00,170.4425,0.0,-170.4425,-170.4425
2026-01-11 12:00:00+00:00,128.09,0.0,-128.09,-128.09
2026-01-11 13:00:00+00:00,148.65,0.0,-148.65,-148.65
2026-01-11 14:00:00+00:00,129.5975,0.0,-129.5975,-129.5975
2026-01-11 15:00:00+00:00,134.935,0.0,-134.935,-134.935
2026-01-11 16:00:00+00:00,0.0,104.9975,104.9975,104.9975
2026-01-11 17:00:00+00:00,0.0,146.3625,146.3625,146.3625
2026-01-11 18:00:00+00:00,0.0,134.995,134.995,134.995
2026-01-11 19:00:00+00:00,273.28999999999996,23.16,-250.12999999999997,-250.12999999999997
2026-01-11 20:00:00+00:00,501.965,0.0,-501.965,-501.965
2026-01-11 21:00:00+00:00,407.09000000000003,0.0,-407.09000000000003,-407.09000000000003
2026-01-11 22:00:00+00:00,326.9925,0.0,-326.9925,-326.9925
2026-01-11 23:00:00+00:00,632.73,0.0,-632.73,-632.73
2026-01-12 00:00:00+00:00,736.3,0.0,-736.3,-736.3
2026-01-12 01:00:00+00:00,814.115,0.0,-814.115,-814.115
2026-01-12 02:00:00+00:00,852.5550000000001,0.0,-852.5550000000001,-852.5550000000001
2026-01-12 03:00:00+00:00,304.545,0.0,-304.545,-304.545
2026-01-12 04:00:00+00:00,252.4075,0.0,-252.4075,-252.4075
2026-01-12 05:00:00+00:00,317.1575,0.0,-317.1575,-317.1575
2026-01-12 06:00:00+00:00,388.2975,0.0,-388.2975,-388.2975
2026-01-12 07:00:00+00:00,116.76499999999999,0.0,-116.76499999999999,-116.76499999999999
2026-01-12 08:00:00+00:00,139.325,0.0,-139.325,-139.325
2026-01-12 09:00:00+00:00,91.445,0.0,-91.445,-91.445
2026-01-12 10:00:00+00:00,118.33749999999999,0.0,-118.33749999999999,-118.33749999999999
2026-01-12 11:00:00+00:00,338.8575,0.0,-338.8575,-338.8575
2026-01-12 12:00:00+00:00,277.7025,0.0,-277.7025,-277.7025
2026-01-12 13:00:00+00:00,230.7075,0.0,-230.7075,-230.7075
2026-01-12 14:00:00+00:00,163.3475,0.0,-163.3475,-163.3475
2026-01-12 15:00:00+00:00,149.8375,0.0,-149.8375,-149.8375
2026-01-12 16:00:00+00:00,165.415,0.0,-165.415,-165.415
2026-01-12 17:00:00+00:00,124.505,0.0,-124.505,-124.505
2026-01-12 18:00:00+00:00,320.7275,0.0,-320.7275,-320.7275
2026-01-12 19:00:00+00:00,240.505,0.0,-240.505,-240.505
2026-01-12 20:00:00+00:00,459.5025,0.0,-459.5025,-459.5025
2026-01-12 21:00:00+00:00,387.825,0.0,-387.825,-387.825
2026-01-12 22:00:00+00:00,283.125,0.0,-283.125,-283.125
2026-01-12 23:00:00+00:00,135.285,0.0,-135.285,-135.285
2026-01-13 00:00:00+00:00,600.52,0.0,-600.52,-600.52
2026-01-13 01:00:00+00:00,479.22749999999996,0.0,-479.22749999999996,-479.22749999999996
2026-01-13 02:00:00+00:00,689.24,0.0,-689.24,-689.24
2026-01-13 03:00:00+00:00,569.415,0.0,-569.415,-569.415
2026-01-13 04:00:00+00:00,363.0525,0.0,-363.0525,-363.0525
2026-01-13 05:00:00+00:00,384.915,0.0,-384.915,-384.915
2026-01-13 06:00:00+00:00,389.4525,0.0,-389.4525,-389.4525
2026-01-13 07:00:00+00:00,293.5575,0.0,-293.5575,-293.5575
2026-01-13 08:00:00+00:00,54.4925,0.0,-54.4925,-54.4925
2026-01-13 09:00:00+00:00,72.28,0.0,-72.28,-72.28
2026-01-13 10:00:00+00:00,98.0425,0.0,-98.0425,-98.0425
2026-01-13 11:00:00+00:00,90.8175,0.0,-90.8175,-90.8175
2026-01-13 12:00:00+00:00,150.62,0.0,-150.62,-150.62
2026-01-13 13:00:00+00:00,120.2975,0.0,-120.2975,-120.2975
2026-01-13 14:00:00+00:00,323.33500000000004,0.0,-323.33500000000004,-323.33500000000004
2026-01-13 15:00:00+00:00,285.2225,0.0,-285.2225,-285.2225
2026-01-13 16:00:00+00:00,196.035,0.0,-196.035,-196.035
2026-01-13 17:00:00+00:00,228.82500000000002,0.0,-228.82500000000002,-228.82500000000002
2026-01-13 18:00:00+00:00,377.765,0.0,-377.765,-377.765
2026-01-13 19:00:00+00:00,521.5925,0.0,-521.5925,-521.5925
2026-01-13 20:00:00+00:00,405.94,0.0,-405.94,-405.94
2026-01-13 21:00:00+00:00,455.13,0.0,-455.13,-455.13
2026-01-13 22:00:00+00:00,408.1075,0.0,-408.1075,-408.1075
2026-01-13 23:00:00+00:00,325.995,0.0,-325.995,-325.995
2026-01-14 00:00:00+00:00,531.5225,0.0,-531.5225,-531.5225
2026-01-14 01:00:00+00:00,584.3299999999999,0.0,-584.3299999999999,-584.3299999999999
2026-01-14 02:00:00+00:00,815.0275,0.0,-815.0275,-815.0275
2026-01-14 03:00:00+00:00,595.9425,0.0,-595.9425,-595.9425
2026-01-14 04:00:00+00:00,421.77,0.0,-421.77,-421.77
2026-01-14 05:00:00+00:00,309.99,0.0,-309.99,-309.99
2026-01-14 06:00:00+00:00,346.16999999999996,0.0,-346.16999999999996,-346.16999999999996
2026-01-14 07:00:00+00:00,85.69749999999999,0.0,-85.69749999999999,-85.69749999999999
2026-01-14 08:00:00+00:00,108.62,0.0,-108.62,-108.62
2026-01-14 09:00:00+00:00,25.677500000000002,69.36500000000001,43.68750000000001,43.68750000000001
2026-01-14 10:00:00+00:00,0.0,200.4425,200.4425,200.4425
2026-01-14 11:00:00+00:00,0.0,181.14249999999998,181.14249999999998,181.14249999999998
2026-01-14 12:00:00+00:00,0.0,244.86,244.86,244.86
2026-01-14 13:00:00+00:00,0.0,246.9975,246.9975,246.9975
2026-01-14 14:00:00+00:00,0.0,124.985,124.985,124.985
2026-01-14 15:00:00+00:00,0.0,187.3275,187.3275,187.3275
2026-01-14 16:00:00+00:00,0.0,166.22,166.22,166.22
2026-01-14 17:00:00+00:00,0.0,87.155,87.155,87.155
2026-01-14 18:00:00+00:00,337.86249999999995,0.0,-337.86249999999995,-337.86249999999995
2026-01-14 19:00:00+00:00,590.3399999999999,0.0,-590.3399999999999,-590.3399999999999
2026-01-14 20:00:00+00:00,618.13,0.0,-618.13,-618.13
2026-01-14 21:00:00+00:00,673.72,0.0,-673.72,-673.72
2026-01-14 22:00:00+00:00,614.3475,0.0,-614.3475,-614.3475
2026-01-14 23:00:00+00:00,534.83,0.0,-534.83,-534.83
2026-01-15 00:00:00+00:00,598.9,0.0,-598.9,-598.9
2026-01-15 01:00:00+00:00,770.7325000000001,0.0,-770.7325000000001,-770.7325000000001
2026-01-15 02:00:00+00:00,790.5325,0.0,-790.5325,-790.5325
2026-01-15 03:00:00+00:00,538.66,0.0,-538.66,-538.66
2026-01-15 04:00:00+00:00,393.42,0.0,-393.42,-393.42
2026-01-15 05:00:00+00:00,444.595,0.0,-444.595,-444.595
2026-01-15 06:00:00+00:00,356.075,0.0,-356.075,-356.075
2026-01-15 07:00:00+00:00,36.692499999999995,50.7275,14.035000000000004,14.035000000000004
2026-01-15 08:00:00+00:00,0.0,177.28,177.28,177.28
2026-01-15 09:00:00+00:00,0.0,200.66,200.66,200.66
2026-01-15 10:00:00+00:00,41.0175,29.509999999999998,-11.5075,-11.5075
2026-01-15 11:00:00+00:00,267.8675,0.0,-267.8675,-267.8675
2026-01-15 12:00:00+00:00,153.0575,0.0,-153.0575,-153.0575
2026-01-15 13:00:00+00:00,152.33249999999998,0.0,-152.33249999999998,-152.33249999999998
2026-01-15 14:00:00+00:00,230.45749999999998,0.0,-230.45749999999998,-230.45749999999998
2026-01-15 15:00:00+00:00,181.665,0.0,-181.665,-181.665
2026-01-15 16:00:00+00:00,173.48250000000002,0.0,-173.48250000000002,-173.48250000000002
2026-01-15 17:00:00+00:00,109.21,0.0,-109.21,-109.21
2026-01-15 18:00:00+00:00,300.2025,0.0,-300.2025,-300.2025
2026-01-15 19:00:00+00:00,340.58000000000004,0.0,-340.58000000000004,-340.58000000000004
2026-01-15 20:00:00+00:00,430.54,0.0,-430.54,-430.54
2026-01-15 21:00:00+00:00,363.05,0.0,-363.05,-363.05
2026-01-15 22:00:00+00:00,252.18,0.0,-252.18,-252.18
2026-01-15 23:00:00+00:00,278.585,0.0,-278.585,-278.585
2026-01-16 00:00:00+00:00,345.4325,0.0,-345.4325,-345.4325
2026-01-16 01:00:00+00:00,434.90999999999997,0.0,-434.90999999999997,-434.90999999999997
2026-01-16 02:00:00+00:00,539.6275,0.0,-539.6275,-539.6275
2026-01-16 03:00:00+00:00,527.31,0.0,-527.31,-527.31
2026-01-16 04:00:00+00:00,212.675,0.0,-212.675,-212.675
2026-01-16 05:00:00+00:00,194.73250000000002,0.0,-194.73250000000002,-194.73250000000002
2026-01-16 06:00:00+00:00,340.94,0.0,-340.94,-340.94
2026-01-16 07:00:00+00:00,110.715,0.0,-110.715,-110.715
2026-01-16 08:00:00+00:00,216.2675,0.0,-216.2675,-216.2675
2026-01-16 09:00:00+00:00,364.3275,0.0,-364.3275,-364.3275
2026-01-16 10:00:00+00:00,341.92,0.0,-341.92,-341.92
2026-01-16 11:00:00+00:00,619.755,0.0,-619.755,-619.755
2026-01-16 12:00:00+00:00,518.1325,0.0,-518.1325,-518.1325
2026-01-16 13:00:00+00:00,491.63,0.0,-491.63,-491.63
2026-01-16 14:00:00+00:00,456.78999999999996,0.0,-456.78999999999996,-456.78999999999996
2026-01-16 15:00:00+00:00,258.4725,0.0,-258.4725,-258.4725
2026-01-16 16:00:00+00:00,104.36500000000001,0.0,-104.36500000000001,-104.36500000000001
2026-01-16 17:00:00+00:00,80.25,0.0,-80.25,-80.25
2026-01-16 18:00:00+00:00,131.42249999999999,0.0,-131.42249999999999,-131.42249999999999
2026-01-16 19:00:00+00:00,304.97249999999997,0.0,-304.97249999999997,-304.97249999999997
2026-01-16 20:00:00+00:00,416.02,0.0,-416.02,-416.02
2026-01-16 21:00:00+00:00,333.3,0.0,-333.3,-333.3
2026-01-16 22:00:00+00:00,359.625,0.0,-359.625,-359.625
2026-01-16 23:00:00+00:00,132.4275,0.0,-132.4275,-132.4275
2026-01-17 00:00:00+00:00,100.2125,0.0,-100.2125,-100.2125
2026-01-17 01:00:00+00:00,85.95750000000001,0.0,-85.95750000000001,-85.95750000000001
2026-01-17 02:00:00+00:00,175.9725,0.0,-175.9725,-175.9725
2026-01-17 03:00:00+00:00,140.5675,0.0,-140.5675,-140.5675
2026-01-17 04:00:00+00:00,109.5725,0.0,-109.5725,-109.5725
2026-01-17 05:00:00+00:00,160.915,0.0,-160.915,-160.915
2026-01-17 06:00:00+00:00,251.65,0.0,-251.65,-251.65
2026-01-17 07:00:00+00:00,153.3475,0.0,-153.3475,-153.3475
2026-01-17 08:00:00+00:00,84.67750000000001,0.0,-84.67750000000001,-84.67750000000001
2026-01-17 09:00:00+00:00,78.5975,0.0,-78.5975,-78.5975
2026-01-17 10:00:00+00:00,0.0,237.8725,237.8725,237.8725
2026-01-17 11:00:00+00:00,0.0,343.39750000000004,343.39750000000004,343.39750000000004
2026-01-17 12:00:00+00:00,0.0,207.965,207.965,207.965
2026-01-17 13:00:00+00:00,0.0,297.8025,297.8025,297.8025
2026-01-17 14:00:00+00:00,0.0,221.26,221.26,221.26
2026-01-17 15:00:00+00:00,0.0,102.1675,102.1675,102.1675
2026-01-17 16:00:00+00:00,0.0,181.535,181.535,181.535
2026-01-17 17:00:00+00:00,0.0,195.2175,195.2175,195.2175
2026-01-17 18:00:00+00:00,0.0,146.8475,146.8475,146.8475
2026-01-17 19:00:00+00:00,107.0925,38.845000000000006,-68.2475,-68.2475
2026-01-17 20:00:00+00:00,155.3675,0.0,-155.3675,-155.3675
2026-01-17 21:00:00+00:00,131.85999999999999,0.0,-131.85999999999999,-131.85999999999999
2026-01-17 22:00:00+00:00,118.97749999999999,0.0,-118.97749999999999,-118.97749999999999
2026-01-17 23:00:00+00:00,177.1175,0.0,-177.1175,-177.1175
2026-01-18 00:00:00+00:00,55.925,0.0,-55.925,-55.925
2026-01-18 01:00:00+00:00,78.955,0.0,-78.955,-78.955
2026-01-18 02:00:00+00:00,287.23,0.0,-287.23,-287.23
2026-01-18 03:00:00+00:00,314.0475,0.0,-314.0475,-314.0475
2026-01-18 04:00:00+00:00,105.7575,0.0,-105.7575,-105.7575
2026-01-18 05:00:00+00:00,100.0625,0.0,-100.0625,-100.0625
2026-01-18 06:00:00+00:00,99.575,0.0,-99.575,-99.575
2026-01-18 07:00:00+00:00,153.43,0.0,-153.43,-153.43
2026-01-18 08:00:00+00:00,94.2475,0.0,-94.2475,-94.2475
2026-01-18 09:00:00+00:00,0.0,142.225,142.225,142.225
2026-01-18 10:00:00+00:00,0.0,238.7975,238.7975,238.7975
2026-01-18 11:00:00+00:00,0.0,280.915,280.915,280.915
2026-01-18 12:00:00+00:00,0.0,281.46,281.46,281.46
2026-01-18 13:00:00+00:00,0.0,189.4475,189.4475,189.4475
2026-01-18 14:00:00+00:00,0.0,163.04,163.04,163.04
2026-01-18 15:00:00+00:00,43.4875,25.209999999999997,-18.2775,-18.2775
2026-01-18 16:00:00+00:00,71.455,58.39,-13.064999999999998,-13.064999999999998
2026-01-18 17:00:00+00:00,0.0,204.7425,204.7425,204.7425
2026-01-18 18:00:00+00:00,0.0,128.7175,128.7175,128.7175
2026-01-18 19:00:00+00:00,182.7175,2.8975,-179.82,-179.82
2026-01-18 20:00:00+00:00,232.45499999999998,0.0,-232.45499999999998,-232.45499999999998
2026-01-18 21:00:00+00:00,154.1475,0.0,-154.1475,-154.1475
2026-01-18 22:00:00+00:00,82.5025,0.0,-82.5025,-82.5025
2026-01-18 23:00:00+00:00,148.9325,0.0,-148.9325,-148.9325
2026-01-19 00:00:00+00:00,298.8375,0.0,-298.8375,-298.8375
2026-01-19 01:00:00+00:00,294.39,0.0,-294.39,-294.39
2026-01-19 02:00:00+00:00,275.5575,0.0,-275.5575,-275.5575
2026-01-19 03:00:00+00:00,77.795,0.0,-77.795,-77.795
2026-01-19 04:00:00+00:00,0.0,190.0725,190.0725,190.0725
2026-01-19 05:00:00+00:00,0.0,146.67249999999999,146.67249999999999,146.67249999999999
2026-01-19 06:00:00+00:00,0.0,165.6975,165.6975,165.6975
2026-01-19 07:00:00+00:00,0.0,340.10249999999996,340.10249999999996,340.10249999999996
2026-01-19 08:00:00+00:00,0.0,278.1975,278.1975,278.1975
2026-01-19 09:00:00+00:00,0.0,292.21999999999997,292.21999999999997,292.21999999999997
2026-01-19 10:00:00+00:00,0.0,302.8,302.8,302.8
2026-01-19 11:00:00+00:00,0.0,181.675,181.675,181.675
2026-01-19 12:00:00+00:00,0.0,119.77000000000001,119.77000000000001,119.77000000000001
2026-01-19 13:00:00+00:00,0.0,304.6025,304.6025,304.6025
2026-01-19 14:00:00+00:00,0.0,248.01749999999998,248.01749999999998,248.01749999999998
2026-01-19 15:00:00+00:00,0.0,375.5475,375.5475,375.5475
2026-01-19 16:00:00+00:00,0.0,424.205,424.205,424.205
2026-01-19 17:00:00+00:00,0.0,379.5725,379.5725,379.5725
2026-01-19 18:00:00+00:00,0.0,257.75,257.75,257.75
2026-01-19 19:00:00+00:00,0.0,125.89249999999998,125.89249999999998,125.89249999999998
2026-01-19 20:00:00+00:00,0.0,173.3475,173.3475,173.3475
2026-01-19 21:00:00+00:00,0.0,206.335,206.335,206.335
2026-01-19 22:00:00+00:00,0.0,215.59,215.59,215.59
2026-01-19 23:00:00+00:00,0.0,198.94,198.94,198.94
2026-01-20 00:00:00+00:00,0.0,112.485,112.485,112.485
2026-01-20 01:00:00+00:00,0.0,141.535,141.535,141.535
2026-01-20 02:00:00+00:00,0.0,153.6775,153.6775,153.6775
2026-01-20 03:00:00+00:00,0.0,480.755,480.755,480.755
2026-01-20 04:00:00+00:00,0.0,368.53,368.53,368.53
2026-01-20 05:00:00+00:00,0.0,520.2175,520.2175,520.2175
2026-01-20 06:00:00+00:00,0.0,623.4024999999999,623.4024999999999,623.4024999999999
2026-01-20 07:00:00+00:00,0.0,653.0075,653.0075,653.0075
2026-01-20 08:00:00+00:00,0.0,625.0575,625.0575,625.0575
2026-01-20 09:00:00+00:00,0.0,385.505,385.505,385.505
2026-01-20 10:00:00+00:00,0.0,220.1325,220.1325,220.1325
2026-01-20 11:00:00+00:00,0.0,145.13,145.13,145.13
2026-01-20 12:00:00+00:00,0.0,169.9,169.9,169.9
2026-01-20 13:00:00+00:00,0.0,548.0875,548.0875,548.0875
2026-01-20 14:00:00+00:00,0.0,487.2075,487.2075,487.2075
2026-01-20 15:00:00+00:00,0.0,390.5575,390.5575,390.5575
2026-01-20 16:00:00+00:00,0.0,519.5175,519.5175,519.5175
2026-01-20 17:00:00+00:00,0.0,365.185,365.185,365.185
2026-01-20 18:00:00+00:00,0.0,159.35750000000002,159.35750000000002,159.35750000000002
2026-01-20 19:00:00+00:00,0.0,206.8675,206.8675,206.8675
2026-01-20 20:00:00+00:00,0.0,227.69,227.69,227.69
2026-01-20 21:00:00+00:00,0.0,135.915,135.915,135.915
2026-01-20 22:00:00+00:00,0.0,177.935,177.935,177.935
2026-01-20 23:00:00+00:00,104.86250000000001,0.0,-104.86250000000001,-104.86250000000001
2026-01-21 00:00:00+00:00,305.9875,0.0,-305.9875,-305.9875
2026-01-21 01:00:00+00:00,344.53,0.0,-344.53,-344.53
2026-01-21 02:00:00+00:00,230.45499999999998,0.0,-230.45499999999998,-230.45499999999998
2026-01-21 03:00:00+00:00,0.0,119.77250000000001,119.77250000000001,119.77250000000001
2026-01-21 04:00:00+00:00,0.0,112.8925,112.8925,112.8925
2026-01-21 05:00:00+00:00,0.0,174.6475,174.6475,174.6475
2026-01-21 06:00:00+00:00,0.0,269.2025,269.2025,269.2025
2026-01-21 07:00:00+00:00,0.0,170.88,170.88,170.88
2026-01-21 08:00:00+00:00,235.83999999999997,0.0,-235.83999999999997,-235.83999999999997
2026-01-21 09:00:00+00:00,380.0225,0.0,-380.0225,-380.0225
2026-01-21 10:00:00+00:00,377.84749999999997,0.0,-377.84749999999997,-377.84749999999997
2026-01-21 11:00:00+00:00,749.0699999999999,0.0,-749.0699999999999,-749.0699999999999
2026-01-21 12:00:00+00:00,768.285,0.0,-768.285,-768.285
2026-01-21 13:00:00+00:00,481.6625,0.0,-481.6625,-481.6625
2026-01-21 14:00:00+00:00,232.685,0.0,-232.685,-232.685
2026-01-21 15:00:00+00:00,252.0075,0.0,-252.0075,-252.0075
2026-01-21 16:00:00+00:00,171.3775,0.0,-171.3775,-171.3775
2026-01-21 17:00:00+00:00,111.445,0.0,-111.445,-111.445
2026-01-21 18:00:00+00:00,153.5275,0.0,-153.5275,-153.5275
2026-01-21 19:00:00+00:00,383.07,0.0,-383.07,-383.07
2026-01-21 20:00:00+00:00,371.395,0.0,-371.395,-371.395
2026-01-21 21:00:00+00:00,299.6175,0.0,-299.6175,-299.6175
2026-01-21 22:00:00+00:00,302.155,0.0,-302.155,-302.155
2026-01-21 23:00:00+00:00,363.35,0.0,-363.35,-363.35
2026-01-22 00:00:00+00:00,498.355,0.0,-498.355,-498.355
2026-01-22 01:00:00+00:00,550.9475,0.0,-550.9475,-550.9475
2026-01-22 02:00:00+00:00,527.12,0.0,-527.12,-527.12
2026-01-22 03:00:00+00:00,346.33,0.0,-346.33,-346.33
2026-01-22 04:00:00+00:00,203.1025,0.0,-203.1025,-203.1025
2026-01-22 05:00:00+00:00,264.0825,0.0,-264.0825,-264.0825
2026-01-22 06:00:00+00:00,427.3225,0.0,-427.3225,-427.3225
2026-01-22 07:00:00+00:00,118.615,0.0,-118.615,-118.615
2026-01-22 08:00:00+00:00,109.125,0.0,-109.125,-109.125
2026-01-22 09:00:00+00:00,126.2675,0.0,-126.2675,-126.2675
2026-01-22 10:00:00+00:00,114.07,0.0,-114.07,-114.07
2026-01-22 11:00:00+00:00,361.71000000000004,0.0,-361.71000000000004,-361.71000000000004
2026-01-22 12:00:00+00:00,252.79,0.0,-252.79,-252.79
2026-01-22 13:00:00+00:00,365.9175,0.0,-365.9175,-365.9175
2026-01-22 14:00:00+00:00,474.8925,0.0,-474.8925,-474.8925
2026-01-22 15:00:00+00:00,283.085,0.0,-283.085,-283.085
2026-01-22 16:00:00+00:00,159.1025,0.0,-159.1025,-159.1025
2026-01-22 17:00:00+00:00,94.94749999999999,0.0,-94.94749999999999,-94.94749999999999
2026-01-22 18:00:00+00:00,82.705,0.0,-82.705,-82.705
2026-01-22 19:00:00+00:00,428.34000000000003,0.0,-428.34000000000003,-428.34000000000003
2026-01-22 20:00:00+00:00,208.8,0.0,-208.8,-208.8
2026-01-22 21:00:00+00:00,131.9525,0.0,-131.9525,-131.9525
2026-01-22 22:00:00+00:00,174.07,0.0,-174.07,-174.07
2026-01-22 23:00:00+00:00,228.8175,0.0,-228.8175,-228.8175
2026-01-23 00:00:00+00:00,114.835,0.0,-114.835,-114.835
2026-01-23 01:00:00+00:00,485.2425,0.0,-485.2425,-485.2425
2026-01-23 02:00:00+00:00,534.17,0.0,-534.17,-534.17
2026-01-23 03:00:00+00:00,407.34000000000003,0.0,-407.34000000000003,-407.34000000000003
2026-01-23 04:00:00+00:00,132.3175,0.0,-132.3175,-132.3175
2026-01-23 05:00:00+00:00,207.185,0.0,-207.185,-207.185
2026-01-23 06:00:00+00:00,184.8025,18.5775,-166.22500000000002,-166.22500000000002
2026-01-23 07:00:00+00:00,0.0,311.6575,311.6575,311.6575
2026-01-23 08:00:00+00:00,0.0,502.93,502.93,502.93
2026-01-23 09:00:00+00:00,0.0,455.09749999999997,455.09749999999997,455.09749999999997
2026-01-23 10:00:00+00:00,0.0,544.4300000000001,544.4300000000001,544.4300000000001
2026-01-23 11:00:00+00:00,0.0,230.96,230.96,230.96
2026-01-23 12:00:00+00:00,0.0,115.945,115.945,115.945
2026-01-23 13:00:00+00:00,0.0,76.2,76.2,76.2
2026-01-23 14:00:00+00:00,53.17,20.385,-32.785,-32.785
2026-01-23 15:00:00+00:00,256.1925,0.0,-256.1925,-256.1925
2026-01-23 16:00:00+00:00,158.32999999999998,0.0,-158.32999999999998,-158.32999999999998
2026-01-23 17:00:00+00:00,219.28,0.0,-219.28,-219.28
2026-01-23 18:00:00+00:00,186.0025,0.0,-186.0025,-186.0025
2026-01-23 19:00:00+00:00,141.025,0.0,-141.025,-141.025
2026-01-23 20:00:00+00:00,81.1175,0.0,-81.1175,-81.1175
2026-01-23 21:00:00+00:00,150.0075,0.0,-150.0075,-150.0075
2026-01-23 22:00:00+00:00,134.09,0.0,-134.09,-134.09
2026-01-23 23:00:00+00:00,112.6325,0.0,-112.6325,-112.6325
2026-01-24 00:00:00+00:00,119.4875,0.0,-119.4875,-119.4875
2026-01-24 01:00:00+00:00,52.2675,0.0,-52.2675,-52.2675
2026-01-24 02:00:00+00:00,72.89,0.0,-72.89,-72.89
2026-01-24 03:00:00+00:00,120.3775,0.0,-120.3775,-120.3775
2026-01-24 04:00:00+00:00,120.38000000000001,0.0,-120.38000000000001,-120.38000000000001
2026-01-24 05:00:00+00:00,222.025,0.0,-222.025,-222.025
2026-01-24 06:00:00+00:00,273.72249999999997,0.0,-273.72249999999997,-273.72249999999997
2026-01-24 07:00:00+00:00,167.8125,0.0,-167.8125,-167.8125
2026-01-24 08:00:00+00:00,16.2775,147.9025,131.625,131.625
2026-01-24 09:00:00+00:00,0.0,540.1025,540.1025,540.1025
2026-01-24 10:00:00+00:00,0.0,409.4075,409.4075,409.4075
2026-01-24 11:00:00+00:00,0.0,264.20750000000004,264.20750000000004,264.20750000000004
2026-01-24 12:00:00+00:00,184.31,24.6125,-159.6975,-159.6975
2026-01-24 13:00:00+00:00,223.1725,0.0,-223.1725,-223.1725
2026-01-24 14:00:00+00:00,187.76999999999998,0.0,-187.76999999999998,-187.76999999999998
2026-01-24 15:00:00+00:00,203.8025,0.0,-203.8025,-203.8025
2026-01-24 16:00:00+00:00,186.185,0.0,-186.185,-186.185
2026-01-24 17:00:00+00:00,135.5025,0.0,-135.5025,-135.5025
2026-01-24 18:00:00+00:00,185.725,0.0,-185.725,-185.725
2026-01-24 19:00:00+00:00,299.9,0.0,-299.9,-299.9
2026-01-24 20:00:00+00:00,362.5375,0.0,-362.5375,-362.5375
2026-01-24 21:00:00+00:00,278.67,0.0,-278.67,-278.67
2026-01-24 22:00:00+00:00,185.47,0.0,-185.47,-185.47
2026-01-24 23:00:00+00:00,203.0275,0.0,-203.0275,-203.0275
2026-01-25 00:00:00+00:00,121.57000000000001,0.0,-121.57000000000001,-121.57000000000001
2026-01-25 01:00:00+00:00,166.17000000000002,0.0,-166.17000000000002,-166.17000000000002
2026-01-25 02:00:00+00:00,203.805,0.0,-203.805,-203.805
2026-01-25 03:00:00+00:00,241.19,0.0,-241.19,-241.19
2026-01-25 04:00:00+00:00,348.725,0.0,-348.725,-348.725
2026-01-25 05:00:00+00:00,115.895,0.0,-115.895,-115.895
2026-01-25 06:00:00+00:00,312.3175,0.0,-312.3175,-312.3175
2026-01-25 07:00:00+00:00,96.95,0.0,-96.95,-96.95
2026-01-25 08:00:00+00:00,0.0,276.8075,276.8075,276.8075
2026-01-25 09:00:00+00:00,0.0,231.52749999999997,231.52749999999997,231.52749999999997
2026-01-25 10:00:00+00:00,0.0,357.4625,357.4625,357.4625
2026-01-25 11:00:00+00:00,0.0,586.9825000000001,586.9825000000001,586.9825000000001
2026-01-25 12:00:00+00:00,0.0,597.665,597.665,597.665
2026-01-25 13:00:00+00:00,0.0,580.97,580.97,580.97
2026-01-25 14:00:00+00:00,0.0,664.765,664.765,664.765
2026-01-25 15:00:00+00:00,0.0,339.5875,339.5875,339.5875
2026-01-25 16:00:00+00:00,0.0,356.59749999999997,356.59749999999997,356.59749999999997
2026-01-25 17:00:00+00:00,0.0,419.4075,419.4075,419.4075
2026-01-25 18:00:00+00:00,0.0,351.24,351.24,351.24
2026-01-25 19:00:00+00:00,0.0,342.315,342.315,342.315
2026-01-25 20:00:00+00:00,0.0,87.0825,87.0825,87.0825
2026-01-25 21:00:00+00:00,0.0,79.0925,79.0925,79.0925
2026-01-25 22:00:00+00:00,98.9925,34.9925,-64.0,-64.0
2026-01-25 23:00:00+00:00,217.8675,0.0,-217.8675,-217.8675
2026-01-26 00:00:00+00:00,455.0875,0.0,-455.0875,-455.0875
2026-01-26 01:00:00+00:00,712.085,0.0,-712.085,-712.085
2026-01-26 02:00:00+00:00,731.4675,0.0,-731.4675,-731.4675
2026-01-26 03:00:00+00:00,453.945,0.0,-453.945,-453.945
2026-01-26 04:00:00+00:00,139.1875,0.0,-139.1875,-139.1875
2026-01-26 05:00:00+00:00,156.43,0.0,-156.43,-156.43
2026-01-26 06:00:00+00:00,12.0675,115.77250000000001,103.70500000000001,103.70500000000001
2026-01-26 07:00:00+00:00,0.0,638.0,638.0,638.0
2026-01-26 08:00:00+00:00,0.0,846.4625,846.4625,846.4625
2026-01-26 09:00:00+00:00,0.0,470.8275,470.8275,470.8275
2026-01-26 10:00:00+00:00,0.0,212.375,212.375,212.375
2026-01-26 11:00:00+00:00,34.065,89.6025,55.53750000000001,55.53750000000001
2026-01-26 12:00:00+00:00,283.715,0.0,-283.715,-283.715
2026-01-26 13:00:00+00:00,160.7375,0.0,-160.7375,-160.7375
2026-01-26 14:00:00+00:00,0.0,198.8825,198.8825,198.8825
2026-01-26 15:00:00+00:00,0.0,73.6525,73.6525,73.6525
2026-01-26 16:00:00+00:00,0.0,125.89500000000001,125.89500000000001,125.89500000000001
2026-01-26 17:00:00+00:00,0.0,376.3125,376.3125,376.3125
2026-01-26 18:00:00+00:00,0.0,225.0725,225.0725,225.0725
2026-01-26 19:00:00+00:00,44.135,66.6325,22.497499999999995,22.497499999999995
2026-01-26 20:00:00+00:00,198.01,0.0,-198.01,-198.01
2026-01-26 21:00:00+00:00,223.8075,0.0,-223.8075,-223.8075
2026-01-26 22:00:00+00:00,227.68,0.0,-227.68,-227.68
2026-01-26 23:00:00+00:00,297.8925,0.0,-297.8925,-297.8925
2026-01-27 00:00:00+00:00,447.91499999999996,0.0,-447.91499999999996,-447.91499999999996
2026-01-27 01:00:00+00:00,781.89,0.0,-781.89,-781.89
2026-01-27 02:00:00+00:00,816.8875,0.0,-816.8875,-816.8875
2026-01-27 03:00:00+00:00,245.4925,0.0,-245.4925,-245.4925
2026-01-27 04:00:00+00:00,197.3275,0.0,-197.3275,-197.3275
2026-01-27 05:00:00+00:00,132.0325,0.0,-132.0325,-132.0325
2026-01-27 06:00:00+00:00,25.6375,151.66000000000003,126.02250000000002,126.02250000000002
2026-01-27 07:00:00+00:00,0.0,373.64,373.64,373.64
2026-01-27 08:00:00+00:00,0.0,320.6525,320.6525,320.6525
2026-01-27 09:00:00+00:00,0.0,228.05,228.05,228.05
2026-01-27 10:00:00+00:00,170.98250000000002,0.0,-170.98250000000002,-170.98250000000002
2026-01-27 11:00:00+00:00,329.1825,0.0,-329.1825,-329.1825
2026-01-27 12:00:00+00:00,445.0025,0.0,-445.0025,-445.0025
2026-01-27 13:00:00+00:00,461.4975,0.0,-461.4975,-461.4975
2026-01-27 14:00:00+00:00,170.215,0.0,-170.215,-170.215
2026-01-27 15:00:00+00:00,138.2275,0.0,-138.2275,-138.2275
2026-01-27 16:00:00+00:00,0.0,327.615,327.615,327.615
2026-01-27 17:00:00+00:00,0.0,260.46,260.46,260.46
2026-01-27 18:00:00+00:00,0.0,354.4475,354.4475,354.4475
2026-01-27 19:00:00+00:00,0.0,120.4025,120.4025,120.4025
2026-01-27 20:00:00+00:00,0.0,150.39749999999998,150.39749999999998,150.39749999999998
2026-01-27 21:00:00+00:00,0.0,204.3775,204.3775,204.3775
2026-01-27 22:00:00+00:00,0.0,190.3175,190.3175,190.3175
2026-01-27 23:00:00+00:00,0.0,319.6975,319.6975,319.6975
2026-01-28 00:00:00+00:00,0.0,269.485,269.485,269.485
2026-01-28 01:00:00+00:00,0.0,111.66749999999999,111.66749999999999,111.66749999999999
2026-01-28 02:00:00+00:00,0.0,198.565,198.565,198.565
2026-01-28 03:00:00+00:00,0.0,109.535,109.535,109.535
2026-01-28 04:00:00+00:00,0.0,435.46500000000003,435.46500000000003,435.46500000000003
2026-01-28 05:00:00+00:00,0.0,494.11249999999995,494.11249999999995,494.11249999999995
2026-01-28 06:00:00+00:00,0.0,523.6275,523.6275,523.6275
2026-01-28 07:00:00+00:00,0.0,793.9725000000001,793.9725000000001,793.9725000000001
2026-01-28 08:00:00+00:00,0.0,771.395,771.395,771.395
2026-01-28 09:00:00+00:00,0.0,817.42,817.42,817.42
2026-01-28 10:00:00+00:00,0.0,793.3824999999999,793.3824999999999,793.3824999999999
2026-01-28 11:00:00+00:00,0.0,722.1875,722.1875,722.1875
2026-01-28 12:00:00+00:00,0.0,421.65999999999997,421.65999999999997,421.65999999999997
2026-01-28 13:00:00+00:00,0.0,169.27249999999998,169.27249999999998,169.27249999999998
2026-01-28 14:00:00+00:00,0.0,149.12,149.12,149.12
2026-01-28 15:00:00+00:00,0.0,448.7275,448.7275,448.7275
2026-01-28 16:00:00+00:00,0.0,369.4475,369.4475,369.4475
2026-01-28 17:00:00+00:00,0.0,144.76250000000002,144.76250000000002,144.76250000000002
2026-01-28 18:00:00+00:00,392.5525,0.0,-392.5525,-392.5525
2026-01-28 19:00:00+00:00,517.46,0.0,-517.46,-517.46
2026-01-28 20:00:00+00:00,564.9575,0.0,-564.9575,-564.9575
2026-01-28 21:00:00+00:00,535.015,0.0,-535.015,-535.015
2026-01-28 22:00:00+00:00,256.39750000000004,0.0,-256.39750000000004,-256.39750000000004
2026-01-28 23:00:00+00:00,491.3425,0.0,-491.3425,-491.3425
2026-01-29 00:00:00+00:00,155.9925,0.0,-155.9925,-155.9925
2026-01-29 01:00:00+00:00,269.1675,0.0,-269.1675,-269.1675
2026-01-29 02:00:00+00:00,37.25,35.7475,-1.5024999999999977,-1.5024999999999977
2026-01-29 03:00:00+00:00,0.0,387.53499999999997,387.53499999999997,387.53499999999997
2026-01-29 04:00:00+00:00,0.0,460.34000000000003,460.34000000000003,460.34000000000003
2026-01-29 05:00:00+00:00,0.0,463.235,463.235,463.235
2026-01-29 06:00:00+00:00,0.0,616.685,616.685,616.685
2026-01-29 07:00:00+00:00,0.0,829.655,829.655,829.655
2026-01-29 08:00:00+00:00,0.0,818.4775,818.4775,818.4775
2026-01-29 09:00:00+00:00,0.0,773.85,773.85,773.85
2026-01-29 10:00:00+00:00,0.0,817.8,817.8,817.8
2026-01-29 11:00:00+00:00,0.0,659.595,659.595,659.595
2026-01-29 12:00:00+00:00,0.0,514.01,514.01,514.01
2026-01-29 13:00:00+00:00,0.0,731.89,731.89,731.89
2026-01-29 14:00:00+00:00,0.0,414.2575,414.2575,414.2575
2026-01-29 15:00:00+00:00,0.0,532.285,532.285,532.285
2026-01-29 16:00:00+00:00,0.0,496.3925,496.3925,496.3925
2026-01-29 17:00:00+00:00,0.0,284.295,284.295,284.295
2026-01-29 18:00:00+00:00,87.3275,113.89,26.5625,26.5625
2026-01-29 19:00:00+00:00,309.88750000000005,0.0,-309.88750000000005,-309.88750000000005
2026-01-29 20:00:00+00:00,333.1875,0.0,-333.1875,-333.1875
2026-01-29 21:00:00+00:00,381.3325,0.0,-381.3325,-381.3325
2026-01-29 22:00:00+00:00,346.7675,0.0,-346.7675,-346.7675
2026-01-29 23:00:00+00:00,353.59000000000003,0.0,-353.59000000000003,-353.59000000000003
2026-01-30 00:00:00+00:00,729.31,0.0,-729.31,-729.31
2026-01-30 01:00:00+00:00,696.085,0.0,-696.085,-696.085
2026-01-30 02:00:00+00:00,122.26,0.0,-122.26,-122.26
2026-01-30 03:00:00+00:00,439.6725,0.0,-439.6725,-439.6725
2026-01-30 04:00:00+00:00,301.78499999999997,0.0,-301.78499999999997,-301.78499999999997
2026-01-30 05:00:00+00:00,199.2625,0.0,-199.2625,-199.2625
2026-01-30 06:00:00+00:00,167.58,0.0,-167.58,-167.58
2026-01-30 07:00:00+00:00,0.0,302.645,302.645,302.645
2026-01-30 08:00:00+00:00,0.0,392.2025,392.2025,392.2025
2026-01-30 09:00:00+00:00,0.0,151.245,151.245,151.245
2026-01-30 10:00:00+00:00,78.9275,43.5375,-35.38999999999999,-35.38999999999999
2026-01-30 11:00:00+00:00,188.1625,0.0,-188.1625,-188.1625
2026-01-30 12:00:00+00:00,280.025,0.0,-280.025,-280.025
2026-01-30 13:00:00+00:00,27.735,248.8125,221.0775,221.0775
2026-01-30 14:00:00+00:00,0.0,593.31,593.31,593.31
2026-01-30 15:00:00+00:00,0.0,454.6,454.6,454.6
2026-01-30 16:00:00+00:00,0.0,455.05999999999995,455.05999999999995,455.05999999999995
2026-01-30 17:00:00+00:00,0.0,296.0925,296.0925,296.0925
2026-01-30 18:00:00+00:00,0.0,309.455,309.455,309.455
2026-01-30 19:00:00+00:00,37.05,258.19,221.14,221.14
2026-01-30 20:00:00+00:00,121.07749999999999,0.0,-121.07749999999999,-121.07749999999999
2026-01-30 21:00:00+00:00,173.54500000000002,0.0,-173.54500000000002,-173.54500000000002
2026-01-30 22:00:00+00:00,170.69,0.0,-170.69,-170.69
2026-01-30 23:00:00+00:00,591.33,0.0,-591.33,-591.33
2026-01-31 00:00:00+00:00,189.555,0.0,-189.555,-189.555
2026-01-31 01:00:00+00:00,148.035,0.0,-148.035,-148.035
2026-01-31 02:00:00+00:00,163.3875,0.0,-163.3875,-163.3875
2026-01-31 03:00:00+00:00,159.29,0.0,-159.29,-159.29
2026-01-31 04:00:00+00:00,180.945,0.0,-180.945,-180.945
2026-01-31 05:00:00+00:00,155.2525,0.0,-155.2525,-155.2525
2026-01-31 06:00:00+00:00,98.7075,0.0,-98.7075,-98.7075
2026-01-31 07:00:00+00:00,120.6725,0.0,-120.6725,-120.6725
2026-01-31 08:00:00+00:00,163.06,0.0,-163.06,-163.06
2026-01-31 09:00:00+00:00,291.39,0.0,-291.39,-291.39
2026-01-31 10:00:00+00:00,336.9475,0.0,-336.9475,-336.9475
2026-01-31 11:00:00+00:00,475.5925,0.0,-475.5925,-475.5925
2026-01-31 12:00:00+00:00,659.42,0.0,-659.42,-659.42
2026-01-31 13:00:00+00:00,386.1975,0.0,-386.1975,-386.1975
2026-01-31 14:00:00+00:00,237.7775,0.0,-237.7775,-237.7775
2026-01-31 15:00:00+00:00,291.8875,0.0,-291.8875,-291.8875
2026-01-31 16:00:00+00:00,108.545,0.0,-108.545,-108.545
2026-01-31 17:00:00+00:00,83.37,0.0,-83.37,-83.37
2026-01-31 18:00:00+00:00,180.6875,0.0,-180.6875,-180.6875
2026-01-31 19:00:00+00:00,320.89750000000004,0.0,-320.89750000000004,-320.89750000000004
2026-01-31 20:00:00+00:00,258.92,0.0,-258.92,-258.92
2026-01-31 21:00:00+00:00,240.95499999999998,0.0,-240.95499999999998,-240.95499999999998
2026-01-31 22:00:00+00:00,175.70250000000001,0.0,-175.70250000000001,-175.70250000000001
2026-01-31 23:00:00+00:00,27.1125,122.1025,94.99000000000001,94.99000000000001
2026-02-01 00:00:00+00:00,0.0,271.765,271.765,271.765
2026-02-01 01:00:00+00:00,0.0,315.57,315.57,315.57
2026-02-01 02:00:00+00:00,0.0,290.44,290.44,290.44
2026-02-01 03:00:00+00:00,0.0,111.39,111.39,111.39
2026-02-01 04:00:00+00:00,0.0,259.2625,259.2625,259.2625
2026-02-01 05:00:00+00:00,0.0,412.385,412.385,412.385
2026-02-01 06:00:00+00:00,0.0,270.71000000000004,270.71000000000004,270.71000000000004
2026-02-01 07:00:00+00:00,0.0,203.7925,203.7925,203.7925
2026-02-01 08:00:00+00:00,0.0,363.92,363.92,363.92
2026-02-01 09:00:00+00:00,0.0,508.65250000000003,508.65250000000003,508.65250000000003
2026-02-01 10:00:00+00:00,0.0,614.6999999999999,614.6999999999999,614.6999999999999
2026-02-01 11:00:00+00:00,0.0,592.3050000000001,592.3050000000001,592.3050000000001
2026-02-01 12:00:00+00:00,0.0,379.1725,379.1725,379.1725
2026-02-01 13:00:00+00:00,0.0,663.8925,663.8925,663.8925
2026-02-01 14:00:00+00:00,0.0,670.265,670.265,670.265
2026-02-01 15:00:00+00:00,0.0,373.03499999999997,373.03499999999997,373.03499999999997
2026-02-01 16:00:00+00:00,0.0,253.3025,253.3025,253.3025
2026-02-01 17:00:00+00:00,0.0,399.71,399.71,399.71
2026-02-01 18:00:00+00:00,0.0,360.155,360.155,360.155
2026-02-01 19:00:00+00:00,0.0,255.21750000000003,255.21750000000003,255.21750000000003
2026-02-01 20:00:00+00:00,189.2325,0.0,-189.2325,-189.2325
2026-02-01 21:00:00+00:00,185.6225,0.0,-185.6225,-185.6225
2026-02-01 22:00:00+00:00,113.48,0.0,-113.48,-113.48
2026-02-01 23:00:00+00:00,136.3075,0.0,-136.3075,-136.3075
2026-02-02 00:00:00+00:00,190.71,0.0,-190.71,-190.71
2026-02-02 01:00:00+00:00,531.0699999999999,0.0,-531.0699999999999,-531.0699999999999
2026-02-02 02:00:00+00:00,641.62,0.0,-641.62,-641.62
2026-02-02 03:00:00+00:00,348.45500000000004,0.0,-348.45500000000004,-348.45500000000004
2026-02-02 04:00:00+00:00,238.4,0.0,-238.4,-238.4
2026-02-02 05:00:00+00:00,321.5,0.0,-321.5,-321.5
2026-02-02 06:00:00+00:00,270.07,0.0,-270.07,-270.07
2026-02-02 07:00:00+00:00,66.9225,0.0,-66.9225,-66.9225
2026-02-02 08:00:00+00:00,98.2925,0.0,-98.2925,-98.2925
2026-02-02 09:00:00+00:00,77.5775,0.0,-77.5775,-77.5775
2026-02-02 10:00:00+00:00,180.6525,0.0,-180.6525,-180.6525
2026-02-02 11:00:00+00:00,347.1225,0.0,-347.1225,-347.1225
2026-02-02 12:00:00+00:00,341.47749999999996,0.0,-341.47749999999996,-341.47749999999996
2026-02-02 13:00:00+00:00,230.11499999999998,0.0,-230.11499999999998,-230.11499999999998
2026-02-02 14:00:00+00:00,341.7025,0.0,-341.7025,-341.7025
2026-02-02 15:00:00+00:00,247.24,0.0,-247.24,-247.24
2026-02-02 16:00:00+00:00,0.0,300.1275,300.1275,300.1275
2026-02-02 17:00:00+00:00,0.0,292.6425,292.6425,292.6425
2026-02-02 18:00:00+00:00,6.44,122.9825,116.5425,116.5425
2026-02-02 19:00:00+00:00,369.3225,0.0,-369.3225,-369.3225
2026-02-02 20:00:00+00:00,332.8125,0.0,-332.8125,-332.8125
2026-02-02 21:00:00+00:00,123.55250000000001,0.0,-123.55250000000001,-123.55250000000001
2026-02-02 22:00:00+00:00,67.7175,0.0,-67.7175,-67.7175
2026-02-02 23:00:00+00:00,91.32,0.0,-91.32,-91.32
2026-02-03 00:00:00+00:00,270.435,0.0,-270.435,-270.435
2026-02-03 01:00:00+00:00,97.6375,0.0,-97.6375,-97.6375
2026-02-03 02:00:00+00:00,93.685,0.0,-93.685,-93.685
2026-02-03 03:00:00+00:00,88.43,0.0,-88.43,-88.43
2026-02-03 04:00:00+00:00,110.9675,0.0,-110.9675,-110.9675
2026-02-03 05:00:00+00:00,139.2525,0.0,-139.2525,-139.2525
2026-02-03 06:00:00+00:00,55.14,159.3975,104.25750000000001,104.25750000000001
2026-02-03 07:00:00+00:00,0.0,295.1925,295.1925,295.1925
2026-02-03 08:00:00+00:00,0.0,262.7375,262.7375,262.7375
2026-02-03 09:00:00+00:00,0.0,124.8575,124.8575,124.8575
2026-02-03 10:00:00+00:00,0.0,183.9225,183.9225,183.9225
2026-02-03 11:00:00+00:00,0.0,234.04749999999999,234.04749999999999,234.04749999999999
2026-02-03 12:00:00+00:00,0.0,110.0475,110.0475,110.0475
2026-02-03 13:00:00+00:00,0.0,99.5575,99.5575,99.5575
2026-02-03 14:00:00+00:00,268.5375,0.0,-268.5375,-268.5375
2026-02-03 15:00:00+00:00,355.4825,0.0,-355.4825,-355.4825
2026-02-03 16:00:00+00:00,391.67,0.0,-391.67,-391.67
2026-02-03 17:00:00+00:00,520.6500000000001,0.0,-520.6500000000001,-520.6500000000001
2026-02-03 18:00:00+00:00,563.52,0.0,-563.52,-563.52
2026-02-03 19:00:00+00:00,519.085,0.0,-519.085,-519.085
2026-02-03 20:00:00+00:00,493.94,0.0,-493.94,-493.94
2026-02-03 21:00:00+00:00,411.2175,0.0,-411.2175,-411.2175
2026-02-03 22:00:00+00:00,272.815,0.0,-272.815,-272.815
2026-02-03 23:00:00+00:00,284.84499999999997,0.0,-284.84499999999997,-284.84499999999997
2026-02-04 00:00:00+00:00,95.005,0.0,-95.005,-95.005
2026-02-04 01:00:00+00:00,354.4525,0.0,-354.4525,-354.4525
2026-02-04 02:00:00+00:00,412.3975,0.0,-412.3975,-412.3975
2026-02-04 03:00:00+00:00,439.525,0.0,-439.525,-439.525
2026-02-04 04:00:00+00:00,174.495,0.0,-174.495,-174.495
2026-02-04 05:00:00+00:00,152.60750000000002,0.0,-152.60750000000002,-152.60750000000002
2026-02-04 06:00:00+00:00,193.88750000000002,0.0,-193.88750000000002,-193.88750000000002
2026-02-04 07:00:00+00:00,0.0,319.17,319.17,319.17
2026-02-04 08:00:00+00:00,0.0,450.655,450.655,450.655
2026-02-04 09:00:00+00:00,0.0,432.74,432.74,432.74
2026-02-04 10:00:00+00:00,0.0,394.47249999999997,394.47249999999997,394.47249999999997
2026-02-04 11:00:00+00:00,0.0,384.26,384.26,384.26
2026-02-04 12:00:00+00:00,0.0,162.4375,162.4375,162.4375
2026-02-04 13:00:00+00:00,0.0,127.5325,127.5325,127.5325
2026-02-04 14:00:00+00:00,0.0,123.1425,123.1425,123.1425
2026-02-04 15:00:00+00:00,142.0375,0.0,-142.0375,-142.0375
2026-02-04 16:00:00+00:00,371.9375,0.0,-371.9375,-371.9375
2026-02-04 17:00:00+00:00,351.9375,0.0,-351.9375,-351.9375
2026-02-04 18:00:00+00:00,624.7,0.0,-624.7,-624.7
2026-02-04 19:00:00+00:00,624.7975,0.0,-624.7975,-624.7975
2026-02-04 20:00:00+00:00,576.4925,0.0,-576.4925,-576.4925
2026-02-04 21:00:00+00:00,383.84499999999997,0.0,-383.84499999999997,-383.84499999999997
2026-02-04 22:00:00+00:00,226.43,0.0,-226.43,-226.43
2026-02-04 23:00:00+00:00,292.495,0.0,-292.495,-292.495
2026-02-05 00:00:00+00:00,428.17,0.0,-428.17,-428.17
2026-02-05 01:00:00+00:00,504.145,0.0,-504.145,-504.145
2026-02-05 02:00:00+00:00,504.11,0.0,-504.11,-504.11
2026-02-05 03:00:00+00:00,294.8575,0.0,-294.8575,-294.8575
2026-02-05 04:00:00+00:00,0.0,171.08249999999998,171.08249999999998,171.08249999999998
2026-02-05 05:00:00+00:00,0.0,172.725,172.725,172.725
2026-02-05 06:00:00+00:00,0.0,265.6675,265.6675,265.6675
2026-02-05 07:00:00+00:00,0.0,397.345,397.345,397.345
2026-02-05 08:00:00+00:00,0.0,509.54,509.54,509.54
2026-02-05 09:00:00+00:00,0.0,233.68,233.68,233.68
2026-02-05 10:00:00+00:00,0.0,247.83749999999998,247.83749999999998,247.83749999999998
2026-02-05 11:00:00+00:00,251.26250000000002,0.0,-251.26250000000002,-251.26250000000002
2026-02-05 12:00:00+00:00,321.3175,0.0,-321.3175,-321.3175
2026-02-05 13:00:00+00:00,377.94,0.0,-377.94,-377.94
2026-02-05 14:00:00+00:00,205.9475,0.0,-205.9475,-205.9475
2026-02-05 15:00:00+00:00,191.6525,0.0,-191.6525,-191.6525
2026-02-05 16:00:00+00:00,35.0925,223.985,188.8925,188.8925
2026-02-05 17:00:00+00:00,0.0,589.2950000000001,589.2950000000001,589.2950000000001
2026-02-05 18:00:00+00:00,0.0,623.26,623.26,623.26
2026-02-05 19:00:00+00:00,0.0,381.9025,381.9025,381.9025
2026-02-05 20:00:00+00:00,0.0,383.2475,383.2475,383.2475
2026-02-05 21:00:00+00:00,0.0,640.1675,640.1675,640.1675
2026-02-05 22:00:00+00:00,0.0,768.89,768.89,768.89
2026-02-05 23:00:00+00:00,0.0,789.2175,789.2175,789.2175
2026-02-06 00:00:00+00:00,0.0,770.29,770.29,770.29
2026-02-06 01:00:00+00:00,0.0,684.5225,684.5225,684.5225
2026-02-06 02:00:00+00:00,0.0,430.055,430.055,430.055
2026-02-06 03:00:00+00:00,0.0,431.865,431.865,431.865
2026-02-06 04:00:00+00:00,0.0,335.7175,335.7175,335.7175
2026-02-06 05:00:00+00:00,0.0,851.99,851.99,851.99
2026-02-06 06:00:00+00:00,0.0,874.675,874.675,874.675
2026-02-06 07:00:00+00:00,0.0,853.545,853.545,853.545
2026-02-06 08:00:00+00:00,0.0,626.985,626.985,626.985
2026-02-06 09:00:00+00:00,0.0,869.3725,869.3725,869.3725
2026-02-06 10:00:00+00:00,0.0,837.535,837.535,837.535
2026-02-06 11:00:00+00:00,0.0,919.3,919.3,919.3
2026-02-06 12:00:00+00:00,0.0,805.5825,805.5825,805.5825
2026-02-06 13:00:00+00:00,0.0,801.65,801.65,801.65
2026-02-06 14:00:00+00:00,0.0,657.7925,657.7925,657.7925
2026-02-06 15:00:00+00:00,0.0,351.10749999999996,351.10749999999996,351.10749999999996
2026-02-06 16:00:00+00:00,0.0,388.895,388.895,388.895
2026-02-06 17:00:00+00:00,0.0,355.515,355.515,355.515
2026-02-06 18:00:00+00:00,0.0,290.9925,290.9925,290.9925
2026-02-06 19:00:00+00:00,0.0,148.6375,148.6375,148.6375
2026-02-06 20:00:00+00:00,0.0,158.5675,158.5675,158.5675
2026-02-06 21:00:00+00:00,0.0,223.1525,223.1525,223.1525
2026-02-06 22:00:00+00:00,0.0,318.65,318.65,318.65
2026-02-06 23:00:00+00:00,0.0,475.755,475.755,475.755
2026-02-07 00:00:00+00:00,0.0,480.13,480.13,480.13
2026-02-07 01:00:00+00:00,0.0,472.365,472.365,472.365
2026-02-07 02:00:00+00:00,0.0,490.4575,490.4575,490.4575
2026-02-07 03:00:00+00:00,0.0,561.235,561.235,561.235
2026-02-07 04:00:00+00:00,0.0,501.815,501.815,501.815
2026-02-07 05:00:00+00:00,0.0,482.19500000000005,482.19500000000005,482.19500000000005
2026-02-07 06:00:00+00:00,0.0,532.6925,532.6925,532.6925
2026-02-07 07:00:00+00:00,0.0,626.3575,626.3575,626.3575
2026-02-07 08:00:00+00:00,0.0,789.9625,789.9625,789.9625
2026-02-07 09:00:00+00:00,0.0,698.575,698.575,698.575
2026-02-07 10:00:00+00:00,0.0,604.5475,604.5475,604.5475
2026-02-07 11:00:00+00:00,0.0,784.7275,784.7275,784.7275
2026-02-07 12:00:00+00:00,0.0,834.7149999999999,834.7149999999999,834.7149999999999
2026-02-07 13:00:00+00:00,0.0,799.7775,799.7775,799.7775
2026-02-07 14:00:00+00:00,0.0,646.1525,646.1525,646.1525
2026-02-07 15:00:00+00:00,0.0,786.145,786.145,786.145
2026-02-07 16:00:00+00:00,0.0,907.395,907.395,907.395
2026-02-07 17:00:00+00:00,0.0,905.1275,905.1275,905.1275
2026-02-07 18:00:00+00:00,0.0,824.34,824.34,824.34
2026-02-07 19:00:00+00:00,0.0,554.7625,554.7625,554.7625
2026-02-07 20:00:00+00:00,0.0,416.3725,416.3725,416.3725
2026-02-07 21:00:00+00:00,0.0,447.23,447.23,447.23
2026-02-07 22:00:00+00:00,0.0,319.78499999999997,319.78499999999997,319.78499999999997
2026-02-07 23:00:00+00:00,0.0,668.2925,668.2925,668.2925
2026-02-08 00:00:00+00:00,0.0,296.005,296.005,296.005
2026-02-08 01:00:00+00:00,66.03999999999999,42.04,-23.999999999999993,-23.999999999999993
2026-02-08 02:00:00+00:00,142.375,0.0,-142.375,-142.375
2026-02-08 03:00:00+00:00,279.2925,0.0,-279.2925,-279.2925
2026-02-08 04:00:00+00:00,73.5725,0.0,-73.5725,-73.5725
2026-02-08 05:00:00+00:00,13.6225,163.3175,149.695,149.695
2026-02-08 06:00:00+00:00,0.0,174.0675,174.0675,174.0675
2026-02-08 07:00:00+00:00,0.0,137.89,137.89,137.89
2026-02-08 08:00:00+00:00,0.0,316.2075,316.2075,316.2075
2026-02-08 09:00:00+00:00,0.0,218.125,218.125,218.125
2026-02-08 10:00:00+00:00,0.0,268.39,268.39,268.39
2026-02-08 11:00:00+00:00,0.0,350.9425,350.9425,350.9425
2026-02-08 12:00:00+00:00,0.0,295.8025,295.8025,295.8025
2026-02-08 13:00:00+00:00,0.0,350.55,350.55,350.55
2026-02-08 14:00:00+00:00,0.0,345.6,345.6,345.6
2026-02-08 15:00:00+00:00,0.0,254.325,254.325,254.325
2026-02-08 16:00:00+00:00,0.0,199.53,199.53,199.53
2026-02-08 17:00:00+00:00,0.0,423.495,423.495,423.495
2026-02-08 18:00:00+00:00,0.0,372.775,372.775,372.775
2026-02-08 19:00:00+00:00,89.7175,87.805,-1.9124999999999943,-1.9124999999999943
2026-02-08 20:00:00+00:00,207.1525,0.0,-207.1525,-207.1525
2026-02-08 21:00:00+00:00,240.53500000000003,0.0,-240.53500000000003,-240.53500000000003
2026-02-08 22:00:00+00:00,189.73250000000002,0.0,-189.73250000000002,-189.73250000000002
2026-02-08 23:00:00+00:00,230.46,0.0,-230.46,-230.46
2026-02-09 00:00:00+00:00,431.7225,0.0,-431.7225,-431.7225
2026-02-09 01:00:00+00:00,460.06,0.0,-460.06,-460.06
2026-02-09 02:00:00+00:00,430.47249999999997,0.0,-430.47249999999997,-430.47249999999997
2026-02-09 03:00:00+00:00,336.4925,0.0,-336.4925,-336.4925
2026-02-09 04:00:00+00:00,273.3,0.0,-273.3,-273.3
2026-02-09 05:00:00+00:00,232.8875,0.0,-232.8875,-232.8875
2026-02-09 06:00:00+00:00,150.66750000000002,41.175,-109.49250000000002,-109.49250000000002
2026-02-09 07:00:00+00:00,0.0,455.3175,455.3175,455.3175
2026-02-09 08:00:00+00:00,0.0,526.2325,526.2325,526.2325
2026-02-09 09:00:00+00:00,0.0,576.27,576.27,576.27
2026-02-09 10:00:00+00:00,0.0,480.6875,480.6875,480.6875
2026-02-09 11:00:00+00:00,0.0,304.66,304.66,304.66
2026-02-09 12:00:00+00:00,130.58,0.0,-130.58,-130.58
2026-02-09 13:00:00+00:00,161.2175,0.0,-161.2175,-161.2175
2026-02-09 14:00:00+00:00,0.0,340.495,340.495,340.495
2026-02-09 15:00:00+00:00,0.0,387.39250000000004,387.39250000000004,387.39250000000004
2026-02-09 16:00:00+00:00,0.0,521.4625,521.4625,521.4625
2026-02-09 17:00:00+00:00,0.0,436.0775,436.0775,436.0775
2026-02-09 18:00:00+00:00,38.42,248.29500000000002,209.875,209.875
2026-02-09 19:00:00+00:00,274.2475,0.0,-274.2475,-274.2475
2026-02-09 20:00:00+00:00,176.975,0.0,-176.975,-176.975
2026-02-09 21:00:00+00:00,146.9225,0.0,-146.9225,-146.9225
2026-02-09 22:00:00+00:00,109.6825,0.0,-109.6825,-109.6825
2026-02-09 23:00:00+00:00,125.215,0.0,-125.215,-125.215
2026-02-10 00:00:00+00:00,196.2325,0.0,-196.2325,-196.2325
2026-02-10 01:00:00+00:00,279.77750000000003,0.0,-279.77750000000003,-279.77750000000003
2026-02-10 02:00:00+00:00,455.7125,0.0,-455.7125,-455.7125
2026-02-10 03:00:00+00:00,182.905,22.745,-160.16,-160.16
2026-02-10 04:00:00+00:00,0.0,180.0125,180.0125,180.0125
2026-02-10 05:00:00+00:00,0.0,324.1575,324.1575,324.1575
2026-02-10 06:00:00+00:00,0.0,332.1875,332.1875,332.1875
2026-02-10 07:00:00+00:00,0.0,344.0,344.0,344.0
2026-02-10 08:00:00+00:00,0.0,213.6025,213.6025,213.6025
2026-02-10 09:00:00+00:00,211.6825,0.0,-211.6825,-211.6825
2026-02-10 10:00:00+00:00,288.635,0.0,-288.635,-288.635
2026-02-10 11:00:00+00:00,142.8775,0.0,-142.8775,-142.8775
2026-02-10 12:00:00+00:00,376.9825,0.0,-376.9825,-376.9825
2026-02-10 13:00:00+00:00,309.1225,0.0,-309.1225,-309.1225
2026-02-10 14:00:00+00:00,348.7825,0.0,-348.7825,-348.7825
2026-02-10 15:00:00+00:00,157.26,0.0,-157.26,-157.26
2026-02-10 16:00:00+00:00,89.05999999999999,139.8675,50.80750000000002,50.80750000000002
2026-02-10 17:00:00+00:00,0.0,86.9975,86.9975,86.9975
2026-02-10 18:00:00+00:00,83.455,126.55,43.095,43.095
2026-02-10 19:00:00+00:00,349.4275,0.0,-349.4275,-349.4275
2026-02-10 20:00:00+00:00,226.2525,0.0,-226.2525,-226.2525
2026-02-10 21:00:00+00:00,103.8475,0.0,-103.8475,-103.8475
2026-02-10 22:00:00+00:00,68.77,0.0,-68.77,-68.77
2026-02-10 23:00:00+00:00,62.13,0.0,-62.13,-62.13
2026-02-11 00:00:00+00:00,97.7525,0.0,-97.7525,-97.7525
2026-02-11 01:00:00+00:00,100.685,0.0,-100.685,-100.685
2026-02-11 02:00:00+00:00,73.86,10.435,-63.425,-63.425
2026-02-11 03:00:00+00:00,0.0,574.065,574.065,574.065
2026-02-11 04:00:00+00:00,0.0,706.8199999999999,706.8199999999999,706.8199999999999
2026-02-11 05:00:00+00:00,0.0,510.085,510.085,510.085
2026-02-11 06:00:00+00:00,0.0,409.9875,409.9875,409.9875
2026-02-11 07:00:00+00:00,0.0,849.345,849.345,849.345
2026-02-11 08:00:00+00:00,0.0,929.9849999999999,929.9849999999999,929.9849999999999
2026-02-11 09:00:00+00:00,0.0,895.8475,895.8475,895.8475
2026-02-11 10:00:00+00:00,0.0,891.7725,891.7725,891.7725
2026-02-11 11:00:00+00:00,0.0,799.35,799.35,799.35
2026-02-11 12:00:00+00:00,0.0,633.7875,633.7875,633.7875
2026-02-11 13:00:00+00:00,0.0,570.705,570.705,570.705
2026-02-11 14:00:00+00:00,0.0,456.72,456.72,456.72
2026-02-11 15:00:00+00:00,0.0,469.66999999999996,469.66999999999996,469.66999999999996
2026-02-11 16:00:00+00:00,0.0,685.9025,685.9025,685.9025
2026-02-11 17:00:00+00:00,0.0,714.865,714.865,714.865
2026-02-11 18:00:00+00:00,0.0,571.7675,571.7675,571.7675
2026-02-11 19:00:00+00:00,0.0,403.9275,403.9275,403.9275
2026-02-11 20:00:00+00:00,0.0,451.67,451.67,451.67
2026-02-11 21:00:00+00:00,0.0,512.4475,512.4475,512.4475
2026-02-11 22:00:00+00:00,0.0,582.2325000000001,582.2325000000001,582.2325000000001
2026-02-11 23:00:00+00:00,0.0,731.3325,731.3325,731.3325
2026-02-12 00:00:00+00:00,0.0,325.435,325.435,325.435
2026-02-12 01:00:00+00:00,0.0,368.7575,368.7575,368.7575
2026-02-12 02:00:00+00:00,0.0,586.285,586.285,586.285
2026-02-12 03:00:00+00:00,0.0,599.03,599.03,599.03
2026-02-12 04:00:00+00:00,0.0,894.2725,894.2725,894.2725
2026-02-12 05:00:00+00:00,0.0,739.4075,739.4075,739.4075
2026-02-12 06:00:00+00:00,0.0,728.855,728.855,728.855
2026-02-12 07:00:00+00:00,0.0,712.845,712.845,712.845
2026-02-12 08:00:00+00:00,0.0,682.11,682.11,682.11
2026-02-12 09:00:00+00:00,0.0,899.9575,899.9575,899.9575
2026-02-12 10:00:00+00:00,0.0,837.0075,837.0075,837.0075
2026-02-12 11:00:00+00:00,0.0,539.865,539.865,539.865
2026-02-12 12:00:00+00:00,0.0,539.895,539.895,539.895
2026-02-12 13:00:00+00:00,0.0,842.8625,842.8625,842.8625
2026-02-12 14:00:00+00:00,0.0,729.825,729.825,729.825
2026-02-12 15:00:00+00:00,0.0,499.33500000000004,499.33500000000004,499.33500000000004
2026-02-12 16:00:00+00:00,0.0,546.7075,546.7075,546.7075
2026-02-12 17:00:00+00:00,0.0,596.615,596.615,596.615
2026-02-12 18:00:00+00:00,0.0,611.595,611.595,611.595
2026-02-12 19:00:00+00:00,0.0,336.7475,336.7475,336.7475
2026-02-12 20:00:00+00:00,0.0,382.2375,382.2375,382.2375
2026-02-12 21:00:00+00:00,0.0,487.3125,487.3125,487.3125
2026-02-12 22:00:00+00:00,0.0,657.19,657.19,657.19
2026-02-12 23:00:00+00:00,0.0,703.915,703.915,703.915
2026-02-13 00:00:00+00:00,0.0,255.8475,255.8475,255.8475
2026-02-13 01:00:00+00:00,0.0,316.1375,316.1375,316.1375
2026-02-13 02:00:00+00:00,0.0,744.225,744.225,744.225
2026-02-13 03:00:00+00:00,0.0,793.2375,793.2375,793.2375
2026-02-13 04:00:00+00:00,0.0,473.70500000000004,473.70500000000004,473.70500000000004
2026-02-13 05:00:00+00:00,0.0,732.8025,732.8025,732.8025
2026-02-13 06:00:00+00:00,0.0,904.46,904.46,904.46
2026-02-13 07:00:00+00:00,0.0,951.79,951.79,951.79
2026-02-13 08:00:00+00:00,0.0,880.46,880.46,880.46
2026-02-13 09:00:00+00:00,0.0,659.935,659.935,659.935
2026-02-13 10:00:00+00:00,0.0,443.6175,443.6175,443.6175
2026-02-13 11:00:00+00:00,0.0,252.6825,252.6825,252.6825
2026-02-13 12:00:00+00:00,0.0,318.2025,318.2025,318.2025
2026-02-13 13:00:00+00:00,0.0,828.495,828.495,828.495
2026-02-13 14:00:00+00:00,0.0,691.4325,691.4325,691.4325
2026-02-13 15:00:00+00:00,0.0,567.645,567.645,567.645
2026-02-13 16:00:00+00:00,0.0,812.6475,812.6475,812.6475
2026-02-13 17:00:00+00:00,0.0,694.6725,694.6725,694.6725
2026-02-13 18:00:00+00:00,0.0,521.5925,521.5925,521.5925
2026-02-13 19:00:00+00:00,0.0,276.7575,276.7575,276.7575
2026-02-13 20:00:00+00:00,0.0,290.7075,290.7075,290.7075
2026-02-13 21:00:00+00:00,0.0,390.605,390.605,390.605
2026-02-13 22:00:00+00:00,0.0,490.67,490.67,490.67
2026-02-13 23:00:00+00:00,0.0,659.1625,659.1625,659.1625
2026-02-14 00:00:00+00:00,0.0,703.6825,703.6825,703.6825
2026-02-14 01:00:00+00:00,0.0,377.0575,377.0575,377.0575
2026-02-14 02:00:00+00:00,0.0,139.855,139.855,139.855
2026-02-14 03:00:00+00:00,0.0,209.63750000000002,209.63750000000002,209.63750000000002
2026-02-14 04:00:00+00:00,0.0,367.525,367.525,367.525
2026-02-14 05:00:00+00:00,0.0,408.5525,408.5525,408.5525
2026-02-14 06:00:00+00:00,0.0,366.4775,366.4775,366.4775
2026-02-14 07:00:00+00:00,0.0,324.57,324.57,324.57
2026-02-14 08:00:00+00:00,0.0,741.7325000000001,741.7325000000001,741.7325000000001
2026-02-14 09:00:00+00:00,0.0,770.6925,770.6925,770.6925
2026-02-14 10:00:00+00:00,0.0,774.3475,774.3475,774.3475
2026-02-14 11:00:00+00:00,0.0,611.465,611.465,611.465
2026-02-14 12:00:00+00:00,0.0,596.6775,596.6775,596.6775
2026-02-14 13:00:00+00:00,0.0,608.7475000000001,608.7475000000001,608.7475000000001
2026-02-14 14:00:00+00:00,0.0,694.165,694.165,694.165
2026-02-14 15:00:00+00:00,0.0,465.01750000000004,465.01750000000004,465.01750000000004
2026-02-14 16:00:00+00:00,0.0,533.1125,533.1125,533.1125
2026-02-14 17:00:00+00:00,0.0,764.2375,764.2375,764.2375
2026-02-14 18:00:00+00:00,0.0,874.3050000000001,874.3050000000001,874.3050000000001
2026-02-14 19:00:00+00:00,0.0,611.9925000000001,611.9925000000001,611.9925000000001
2026-02-14 20:00:00+00:00,0.0,433.83,433.83,433.83
2026-02-14 21:00:00+00:00,0.0,406.6675,406.6675,406.6675
2026-02-14 22:00:00+00:00,0.0,401.8375,401.8375,401.8375
2026-02-14 23:00:00+00:00,0.0,272.365,272.365,272.365
2026-02-15 00:00:00+00:00,0.0,458.525,458.525,458.525
2026-02-15 01:00:00+00:00,0.0,483.71000000000004,483.71000000000004,483.71000000000004
2026-02-15 02:00:00+00:00,0.0,549.98,549.98,549.98
2026-02-15 03:00:00+00:00,0.0,556.3774999999999,556.3774999999999,556.3774999999999
2026-02-15 04:00:00+00:00,0.0,548.29,548.29,548.29
2026-02-15 05:00:00+00:00,0.0,574.585,574.585,574.585
2026-02-15 06:00:00+00:00,0.0,446.72,446.72,446.72
2026-02-15 07:00:00+00:00,0.0,382.4225,382.4225,382.4225
2026-02-15 08:00:00+00:00,0.0,487.3425,487.3425,487.3425
2026-02-15 09:00:00+00:00,0.0,631.235,631.235,631.235
2026-02-15 10:00:00+00:00,0.0,553.3075,553.3075,553.3075
2026-02-15 11:00:00+00:00,0.0,226.26,226.26,226.26
2026-02-15 12:00:00+00:00,0.0,304.98,304.98,304.98
2026-02-15 13:00:00+00:00,0.0,168.9675,168.9675,168.9675
2026-02-15 14:00:00+00:00,0.0,498.90500000000003,498.90500000000003,498.90500000000003
2026-02-15 15:00:00+00:00,0.0,497.42,497.42,497.42
2026-02-15 16:00:00+00:00,0.0,613.265,613.265,613.265
2026-02-15 17:00:00+00:00,0.0,806.595,806.595,806.595
2026-02-15 18:00:00+00:00,0.0,787.93,787.93,787.93
2026-02-15 19:00:00+00:00,0.0,729.5175,729.5175,729.5175
2026-02-15 20:00:00+00:00,0.0,386.7975,386.7975,386.7975
2026-02-15 21:00:00+00:00,0.0,510.025,510.025,510.025
2026-02-15 22:00:00+00:00,0.0,618.765,618.765,618.765
2026-02-15 23:00:00+00:00,0.0,599.67,599.67,599.67
2026-02-16 00:00:00+00:00,0.0,532.235,532.235,532.235
2026-02-16 01:00:00+00:00,0.0,700.1725,700.1725,700.1725
2026-02-16 02:00:00+00:00,0.0,655.69,655.69,655.69
2026-02-16 03:00:00+00:00,0.0,749.6675,749.6675,749.6675
2026-02-16 04:00:00+00:00,0.0,528.81,528.81,528.81
2026-02-16 05:00:00+00:00,0.0,682.4125,682.4125,682.4125
2026-02-16 06:00:00+00:00,0.0,760.5675,760.5675,760.5675
2026-02-16 07:00:00+00:00,0.0,741.6525,741.6525,741.6525
2026-02-16 08:00:00+00:00,0.0,720.8,720.8,720.8
2026-02-16 09:00:00+00:00,0.0,870.1225,870.1225,870.1225
2026-02-16 10:00:00+00:00,0.0,903.7775,903.7775,903.7775
2026-02-16 11:00:00+00:00,0.0,845.655,845.655,845.655
2026-02-16 12:00:00+00:00,0.0,894.24,894.24,894.24
2026-02-16 13:00:00+00:00,0.0,882.4275,882.4275,882.4275
2026-02-16 14:00:00+00:00,0.0,874.2775,874.2775,874.2775
2026-02-16 15:00:00+00:00,0.0,629.52,629.52,629.52
2026-02-16 16:00:00+00:00,0.0,455.965,455.965,455.965
2026-02-16 17:00:00+00:00,0.0,909.505,909.505,909.505
2026-02-16 18:00:00+00:00,0.0,823.0825,823.0825,823.0825
2026-02-16 19:00:00+00:00,0.0,614.45,614.45,614.45
2026-02-16 20:00:00+00:00,0.0,486.45,486.45,486.45
2026-02-16 21:00:00+00:00,0.0,562.51,562.51,562.51
2026-02-16 22:00:00+00:00,0.0,670.8299999999999,670.8299999999999,670.8299999999999
2026-02-16 23:00:00+00:00,0.0,870.6675,870.6675,870.6675
2026-02-17 00:00:00+00:00,0.0,517.6825,517.6825,517.6825
2026-02-17 01:00:00+00:00,0.0,448.6725,448.6725,448.6725
2026-02-17 02:00:00+00:00,0.0,322.445,322.445,322.445
2026-02-17 03:00:00+00:00,0.0,658.66,658.66,658.66
2026-02-17 04:00:00+00:00,0.0,637.3299999999999,637.3299999999999,637.3299999999999
2026-02-17 05:00:00+00:00,0.0,751.6125,751.6125,751.6125
2026-02-17 06:00:00+00:00,0.0,916.165,916.165,916.165
2026-02-17 07:00:00+00:00,0.0,961.1725,961.1725,961.1725
2026-02-17 08:00:00+00:00,0.0,819.845,819.845,819.845
2026-02-17 09:00:00+00:00,0.0,898.0550000000001,898.0550000000001,898.0550000000001
2026-02-17 10:00:00+00:00,0.0,844.9525,844.9525,844.9525
2026-02-17 11:00:00+00:00,0.0,721.6175000000001,721.6175000000001,721.6175000000001
2026-02-17 12:00:00+00:00,0.0,761.0550000000001,761.0550000000001,761.0550000000001
2026-02-17 13:00:00+00:00,0.0,728.1675,728.1675,728.1675
2026-02-17 14:00:00+00:00,0.0,690.9425,690.9425,690.9425
2026-02-17 15:00:00+00:00,0.0,613.0075,613.0075,613.0075
2026-02-17 16:00:00+00:00,0.0,569.3025,569.3025,569.3025
2026-02-17 17:00:00+00:00,0.0,772.095,772.095,772.095
2026-02-17 18:00:00+00:00,0.0,700.0775,700.0775,700.0775
2026-02-17 19:00:00+00:00,0.0,298.0775,298.0775,298.0775
2026-02-17 20:00:00+00:00,0.0,169.1525,169.1525,169.1525
2026-02-17 21:00:00+00:00,0.0,199.6725,199.6725,199.6725
2026-02-17 22:00:00+00:00,0.0,213.98250000000002,213.98250000000002,213.98250000000002
2026-02-17 23:00:00+00:00,0.0,105.66,105.66,105.66
2026-02-18 00:00:00+00:00,10.22,187.4375,177.2175,177.2175
2026-02-18 01:00:00+00:00,216.2175,0.0,-216.2175,-216.2175
2026-02-18 02:00:00+00:00,290.2375,0.0,-290.2375,-290.2375
2026-02-18 03:00:00+00:00,88.585,143.31,54.72500000000001,54.72500000000001
2026-02-18 04:00:00+00:00,0.0,247.925,247.925,247.925
2026-02-18 05:00:00+00:00,0.0,442.94499999999994,442.94499999999994,442.94499999999994
2026-02-18 06:00:00+00:00,0.0,652.645,652.645,652.645
2026-02-18 07:00:00+00:00,0.0,707.55,707.55,707.55
2026-02-18 08:00:00+00:00,0.0,748.4425,748.4425,748.4425
2026-02-18 09:00:00+00:00,0.0,669.5375,669.5375,669.5375
2026-02-18 10:00:00+00:00,0.0,640.38,640.38,640.38
2026-02-18 11:00:00+00:00,0.0,445.5925,445.5925,445.5925
2026-02-18 12:00:00+00:00,0.0,343.515,343.515,343.515
2026-02-18 13:00:00+00:00,0.0,330.5375,330.5375,330.5375
2026-02-18 14:00:00+00:00,0.0,305.2575,305.2575,305.2575
2026-02-18 15:00:00+00:00,0.0,270.9725,270.9725,270.9725
2026-02-18 16:00:00+00:00,0.0,481.905,481.905,481.905
2026-02-18 17:00:00+00:00,0.0,487.32,487.32,487.32
2026-02-18 18:00:00+00:00,0.0,272.3925,272.3925,272.3925
2026-02-18 19:00:00+00:00,0.0,137.14,137.14,137.14
2026-02-18 20:00:00+00:00,0.0,137.9775,137.9775,137.9775
2026-02-18 21:00:00+00:00,0.0,157.8225,157.8225,157.8225
2026-02-18 22:00:00+00:00,0.0,216.3525,216.3525,216.3525
2026-02-18 23:00:00+00:00,0.0,321.71500000000003,321.71500000000003,321.71500000000003
2026-02-19 00:00:00+00:00,29.6275,166.8975,137.27,137.27
2026-02-19 01:00:00+00:00,161.615,0.0,-161.615,-161.615
2026-02-19 02:00:00+00:00,146.865,0.0,-146.865,-146.865
2026-02-19 03:00:00+00:00,74.3625,77.9375,3.575000000000003,3.575000000000003
2026-02-19 04:00:00+00:00,0.0,393.07,393.07,393.07
2026-02-19 05:00:00+00:00,0.0,543.76,543.76,543.76
2026-02-19 06:00:00+00:00,0.0,811.26,811.26,811.26
2026-02-19 07:00:00+00:00,0.0,670.345,670.345,670.345
2026-02-19 08:00:00+00:00,0.0,346.715,346.715,346.715
2026-02-19 09:00:00+00:00,0.0,390.235,390.235,390.235
2026-02-19 10:00:00+00:00,0.0,445.7325,445.7325,445.7325
2026-02-19 11:00:00+00:00,0.0,286.415,286.415,286.415
2026-02-19 12:00:00+00:00,0.0,164.8825,164.8825,164.8825
2026-02-19 13:00:00+00:00,0.0,421.9125,421.9125,421.9125
2026-02-19 14:00:00+00:00,0.0,170.1375,170.1375,170.1375
2026-02-19 15:00:00+00:00,0.0,468.60249999999996,468.60249999999996,468.60249999999996
2026-02-19 16:00:00+00:00,0.0,483.34000000000003,483.34000000000003,483.34000000000003
2026-02-19 17:00:00+00:00,0.0,709.575,709.575,709.575
2026-02-19 18:00:00+00:00,0.0,619.795,619.795,619.795
2026-02-19 19:00:00+00:00,0.0,229.35500000000002,229.35500000000002,229.35500000000002
2026-02-19 20:00:00+00:00,0.0,381.3875,381.3875,381.3875
2026-02-19 21:00:00+00:00,0.0,459.36249999999995,459.36249999999995,459.36249999999995
2026-02-19 22:00:00+00:00,0.0,458.695,458.695,458.695
2026-02-19 23:00:00+00:00,0.0,444.6025,444.6025,444.6025
2026-02-20 00:00:00+00:00,0.0,416.58,416.58,416.58
2026-02-20 01:00:00+00:00,0.0,406.975,406.975,406.975
2026-02-20 02:00:00+00:00,0.0,412.82,412.82,412.82
2026-02-20 03:00:00+00:00,0.0,399.025,399.025,399.025
2026-02-20 04:00:00+00:00,0.0,416.485,416.485,416.485
2026-02-20 05:00:00+00:00,0.0,399.1125,399.1125,399.1125
2026-02-20 06:00:00+00:00,0.0,424.355,424.355,424.355
2026-02-20 07:00:00+00:00,0.0,845.335,845.335,845.335
2026-02-20 08:00:00+00:00,0.0,766.5775,766.5775,766.5775
2026-02-20 09:00:00+00:00,0.0,850.13,850.13,850.13
2026-02-20 10:00:00+00:00,0.0,678.125,678.125,678.125
2026-02-20 11:00:00+00:00,0.0,552.62,552.62,552.62
2026-02-20 12:00:00+00:00,0.0,564.3525,564.3525,564.3525
2026-02-20 13:00:00+00:00,0.0,825.03,825.03,825.03
2026-02-20 14:00:00+00:00,0.0,674.915,674.915,674.915
2026-02-20 15:00:00+00:00,0.0,620.8325,620.8325,620.8325
2026-02-20 16:00:00+00:00,0.0,669.3725000000001,669.3725000000001,669.3725000000001
2026-02-20 17:00:00+00:00,0.0,519.6725,519.6725,519.6725
2026-02-20 18:00:00+00:00,0.0,323.6375,323.6375,323.6375
2026-02-20 19:00:00+00:00,0.0,179.6225,179.6225,179.6225
2026-02-20 20:00:00+00:00,0.0,124.61,124.61,124.61
2026-02-20 21:00:00+00:00,0.0,140.21749999999997,140.21749999999997,140.21749999999997
2026-02-20 22:00:00+00:00,0.0,184.14499999999998,184.14499999999998,184.14499999999998
2026-02-20 23:00:00+00:00,0.0,334.5075,334.5075,334.5075
2026-02-21 00:00:00+00:00,0.0,157.55,157.55,157.55
2026-02-21 01:00:00+00:00,0.0,120.89500000000001,120.89500000000001,120.89500000000001
2026-02-21 02:00:00+00:00,121.88749999999999,0.0,-121.88749999999999,-121.88749999999999
2026-02-21 03:00:00+00:00,156.8825,0.0,-156.8825,-156.8825
2026-02-21 04:00:00+00:00,130.105,0.0,-130.105,-130.105
2026-02-21 05:00:00+00:00,84.035,20.2725,-63.762499999999996,-63.762499999999996
2026-02-21 06:00:00+00:00,0.0,158.935,158.935,158.935
2026-02-21 07:00:00+00:00,0.0,344.21500000000003,344.21500000000003,344.21500000000003
2026-02-21 08:00:00+00:00,0.0,594.885,594.885,594.885
2026-02-21 09:00:00+00:00,0.0,708.0275,708.0275,708.0275
2026-02-21 10:00:00+00:00,0.0,368.0625,368.0625,368.0625
2026-02-21 11:00:00+00:00,0.0,292.4775,292.4775,292.4775
2026-02-21 12:00:00+00:00,0.0,427.4025,427.4025,427.4025
2026-02-21 13:00:00+00:00,0.0,799.715,799.715,799.715
2026-02-21 14:00:00+00:00,0.0,724.5675,724.5675,724.5675
2026-02-21 15:00:00+00:00,0.0,424.28999999999996,424.28999999999996,424.28999999999996
2026-02-21 16:00:00+00:00,0.0,340.445,340.445,340.445
2026-02-21 17:00:00+00:00,0.0,399.5325,399.5325,399.5325
2026-02-21 18:00:00+00:00,0.0,382.0725,382.0725,382.0725
2026-02-21 19:00:00+00:00,0.0,267.14,267.14,267.14
2026-02-21 20:00:00+00:00,75.8275,57.415,-18.4125,-18.4125
2026-02-21 21:00:00+00:00,128.4325,0.0,-128.4325,-128.4325
2026-02-21 22:00:00+00:00,80.1275,0.0,-80.1275,-80.1275
2026-02-21 23:00:00+00:00,62.33,0.0,-62.33,-62.33
2026-02-22 00:00:00+00:00,81.3425,0.0,-81.3425,-81.3425
2026-02-22 01:00:00+00:00,366.01250000000005,0.0,-366.01250000000005,-366.01250000000005
2026-02-22 02:00:00+00:00,574.0899999999999,0.0,-574.0899999999999,-574.0899999999999
2026-02-22 03:00:00+00:00,484.875,0.0,-484.875,-484.875
2026-02-22 04:00:00+00:00,276.4525,0.0,-276.4525,-276.4525
2026-02-22 05:00:00+00:00,42.587500000000006,178.06,135.4725,135.4725
2026-02-22 06:00:00+00:00,0.0,467.89250000000004,467.89250000000004,467.89250000000004
2026-02-22 07:00:00+00:00,0.0,652.66,652.66,652.66
2026-02-22 08:00:00+00:00,0.0,596.95,596.95,596.95
2026-02-22 09:00:00+00:00,0.0,370.5,370.5,370.5
2026-02-22 10:00:00+00:00,0.0,407.3125,407.3125,407.3125
2026-02-22 11:00:00+00:00,0.0,300.395,300.395,300.395
2026-02-22 12:00:00+00:00,0.0,423.45,423.45,423.45
2026-02-22 13:00:00+00:00,0.0,879.9425,879.9425,879.9425
2026-02-22 14:00:00+00:00,0.0,803.465,803.465,803.465
2026-02-22 15:00:00+00:00,0.0,551.485,551.485,551.485
2026-02-22 16:00:00+00:00,0.0,151.6525,151.6525,151.6525
2026-02-22 17:00:00+00:00,0.0,287.3825,287.3825,287.3825
2026-02-22 18:00:00+00:00,0.0,407.245,407.245,407.245
2026-02-22 19:00:00+00:00,0.0,352.64750000000004,352.64750000000004,352.64750000000004
2026-02-22 20:00:00+00:00,53.2475,60.724999999999994,7.477499999999992,7.477499999999992
2026-02-22 21:00:00+00:00,131.17,0.0,-131.17,-131.17
2026-02-22 22:00:00+00:00,73.0575,0.0,-73.0575,-73.0575
2026-02-22 23:00:00+00:00,61.2225,0.0,-61.2225,-61.2225
2026-02-23 00:00:00+00:00,271.69,0.0,-271.69,-271.69
2026-02-23 01:00:00+00:00,309.845,0.0,-309.845,-309.845
2026-02-23 02:00:00+00:00,139.5625,0.0,-139.5625,-139.5625
2026-02-23 03:00:00+00:00,64.2475,57.3625,-6.885000000000005,-6.885000000000005
2026-02-23 04:00:00+00:00,0.0,259.29,259.29,259.29
2026-02-23 05:00:00+00:00,0.0,423.12,423.12,423.12
2026-02-23 06:00:00+00:00,0.0,475.25,475.25,475.25
2026-02-23 07:00:00+00:00,0.0,530.5625,530.5625,530.5625
2026-02-23 08:00:00+00:00,0.0,561.715,561.715,561.715
2026-02-23 09:00:00+00:00,0.0,608.245,608.245,608.245
2026-02-23 10:00:00+00:00,0.0,604.9725,604.9725,604.9725
2026-02-23 11:00:00+00:00,0.0,582.1425,582.1425,582.1425
2026-02-23 12:00:00+00:00,0.0,578.075,578.075,578.075
2026-02-23 13:00:00+00:00,0.0,571.5225,571.5225,571.5225
2026-02-23 14:00:00+00:00,0.0,607.0775,607.0775,607.0775
2026-02-23 15:00:00+00:00,0.0,579.7,579.7,579.7
2026-02-23 16:00:00+00:00,0.0,404.5675,404.5675,404.5675
2026-02-23 17:00:00+00:00,0.0,526.5275,526.5275,526.5275
2026-02-23 18:00:00+00:00,0.0,282.4625,282.4625,282.4625
2026-02-23 19:00:00+00:00,0.0,139.0225,139.0225,139.0225
2026-02-23 20:00:00+00:00,0.0,147.075,147.075,147.075
2026-02-23 21:00:00+00:00,0.0,175.1125,175.1125,175.1125
2026-02-23 22:00:00+00:00,0.0,302.24,302.24,302.24
2026-02-23 23:00:00+00:00,0.0,526.9575,526.9575,526.9575
2026-02-24 00:00:00+00:00,0.0,271.2525,271.2525,271.2525
2026-02-24 01:00:00+00:00,0.0,105.0675,105.0675,105.0675
2026-02-24 02:00:00+00:00,94.07249999999999,14.025,-80.04749999999999,-80.04749999999999
2026-02-24 03:00:00+00:00,130.385,8.7075,-121.6775,-121.6775
2026-02-24 04:00:00+00:00,0.0,219.8975,219.8975,219.8975
2026-02-24 05:00:00+00:00,0.0,454.225,454.225,454.225
2026-02-24 06:00:00+00:00,0.0,562.6325,562.6325,562.6325
2026-02-24 07:00:00+00:00,0.0,684.4475,684.4475,684.4475
2026-02-24 08:00:00+00:00,0.0,661.1925,661.1925,661.1925
2026-02-24 09:00:00+00:00,0.0,700.4549999999999,700.4549999999999,700.4549999999999
2026-02-24 10:00:00+00:00,0.0,538.1425,538.1425,538.1425
2026-02-24 11:00:00+00:00,0.0,395.32,395.32,395.32
2026-02-24 12:00:00+00:00,0.0,511.78999999999996,511.78999999999996,511.78999999999996
2026-02-24 13:00:00+00:00,0.0,689.875,689.875,689.875
2026-02-24 14:00:00+00:00,0.0,529.13,529.13,529.13
2026-02-24 15:00:00+00:00,0.0,415.885,415.885,415.885
2026-02-24 16:00:00+00:00,0.0,473.745,473.745,473.745
2026-02-24 17:00:00+00:00,0.0,523.1725,523.1725,523.1725
2026-02-24 18:00:00+00:00,0.0,314.6275,314.6275,314.6275
2026-02-24 19:00:00+00:00,0.0,155.285,155.285,155.285
2026-02-24 20:00:00+00:00,53.995,34.2475,-19.747499999999995,-19.747499999999995
2026-02-24 21:00:00+00:00,167.975,0.0,-167.975,-167.975
2026-02-24 22:00:00+00:00,95.205,0.0,-95.205,-95.205
2026-02-24 23:00:00+00:00,57.82,0.0,-57.82,-57.82
2026-02-25 00:00:00+00:00,230.5975,0.0,-230.5975,-230.5975
2026-02-25 01:00:00+00:00,559.88,0.0,-559.88,-559.88
2026-02-25 02:00:00+00:00,460.855,0.0,-460.855,-460.855
2026-02-25 03:00:00+00:00,146.7425,0.0,-146.7425,-146.7425
2026-02-25 04:00:00+00:00,139.45499999999998,0.0,-139.45499999999998,-139.45499999999998
2026-02-25 05:00:00+00:00,34.055,183.89999999999998,149.84499999999997,149.84499999999997
2026-02-25 06:00:00+00:00,0.0,414.59749999999997,414.59749999999997,414.59749999999997
2026-02-25 07:00:00+00:00,0.0,553.8725,553.8725,553.8725
2026-02-25 08:00:00+00:00,0.0,538.075,538.075,538.075
2026-02-25 09:00:00+00:00,0.0,644.1424999999999,644.1424999999999,644.1424999999999
2026-02-25 10:00:00+00:00,0.0,651.8025,651.8025,651.8025
2026-02-25 11:00:00+00:00,0.0,663.94,663.94,663.94
2026-02-25 12:00:00+00:00,0.0,612.2175,612.2175,612.2175
2026-02-25 13:00:00+00:00,0.0,312.9625,312.9625,312.9625
2026-02-25 14:00:00+00:00,0.0,170.105,170.105,170.105
2026-02-25 15:00:00+00:00,0.0,138.54,138.54,138.54
2026-02-25 16:00:00+00:00,0.0,373.93,373.93,373.93
2026-02-25 17:00:00+00:00,0.0,318.305,318.305,318.305
2026-02-25 18:00:00+00:00,53.58,19.9575,-33.6225,-33.6225
2026-02-25 19:00:00+00:00,210.70499999999998,0.0,-210.70499999999998,-210.70499999999998
2026-02-25 20:00:00+00:00,232.57999999999998,0.0,-232.57999999999998,-232.57999999999998
2026-02-25 21:00:00+00:00,158.2625,0.0,-158.2625,-158.2625
2026-02-25 22:00:00+00:00,116.5625,0.0,-116.5625,-116.5625
2026-02-25 23:00:00+00:00,218.9025,0.0,-218.9025,-218.9025
2026-02-26 00:00:00+00:00,146.615,0.0,-146.615,-146.615
2026-02-26 01:00:00+00:00,539.365,0.0,-539.365,-539.365
2026-02-26 02:00:00+00:00,401.94,0.0,-401.94,-401.94
2026-02-26 03:00:00+00:00,225.6175,0.0,-225.6175,-225.6175
2026-02-26 04:00:00+00:00,343.24,0.0,-343.24,-343.24
2026-02-26 05:00:00+00:00,218.7825,38.88,-179.9025,-179.9025
2026-02-26 06:00:00+00:00,0.0,293.545,293.545,293.545
2026-02-26 07:00:00+00:00,0.0,638.2775,638.2775,638.2775
2026-02-26 08:00:00+00:00,0.0,594.0425,594.0425,594.0425
2026-02-26 09:00:00+00:00,0.0,660.8725,660.8725,660.8725
2026-02-26 10:00:00+00:00,0.0,428.9225,428.9225,428.9225
2026-02-26 11:00:00+00:00,0.0,158.82,158.82,158.82
2026-02-26 12:00:00+00:00,0.0,342.2675,342.2675,342.2675
2026-02-26 13:00:00+00:00,0.0,580.98,580.98,580.98
2026-02-26 14:00:00+00:00,0.0,594.0,594.0,594.0
2026-02-26 15:00:00+00:00,0.0,313.7475,313.7475,313.7475
2026-02-26 16:00:00+00:00,0.0,307.625,307.625,307.625
2026-02-26 17:00:00+00:00,0.0,415.015,415.015,415.015
2026-02-26 18:00:00+00:00,0.0,290.5725,290.5725,290.5725
2026-02-26 19:00:00+00:00,162.1125,0.0,-162.1125,-162.1125
2026-02-26 20:00:00+00:00,181.24,0.0,-181.24,-181.24
2026-02-26 21:00:00+00:00,191.855,0.0,-191.855,-191.855
2026-02-26 22:00:00+00:00,157.3,0.0,-157.3,-157.3
2026-02-26 23:00:00+00:00,187.3775,0.0,-187.3775,-187.3775
2026-02-27 00:00:00+00:00,366.8,0.0,-366.8,-366.8
2026-02-27 01:00:00+00:00,644.635,0.0,-644.635,-644.635
2026-02-27 02:00:00+00:00,502.395,0.0,-502.395,-502.395
2026-02-27 03:00:00+00:00,247.5425,0.0,-247.5425,-247.5425
2026-02-27 04:00:00+00:00,96.91999999999999,0.0,-96.91999999999999,-96.91999999999999
2026-02-27 05:00:00+00:00,95.475,136.19,40.715,40.715
2026-02-27 06:00:00+00:00,0.0,444.06,444.06,444.06
2026-02-27 07:00:00+00:00,0.0,435.43,435.43,435.43
2026-02-27 08:00:00+00:00,0.0,404.205,404.205,404.205
2026-02-27 09:00:00+00:00,0.0,456.98,456.98,456.98
2026-02-27 10:00:00+00:00,0.0,519.1524999999999,519.1524999999999,519.1524999999999
2026-02-27 11:00:00+00:00,0.0,156.3175,156.3175,156.3175
2026-02-27 12:00:00+00:00,0.0,246.7975,246.7975,246.7975
2026-02-27 13:00:00+00:00,0.0,258.2525,258.2525,258.2525
2026-02-27 14:00:00+00:00,0.0,604.2574999999999,604.2574999999999,604.2574999999999
2026-02-27 15:00:00+00:00,0.0,485.11,485.11,485.11
2026-02-27 16:00:00+00:00,0.0,503.5225,503.5225,503.5225
2026-02-27 17:00:00+00:00,0.0,435.27750000000003,435.27750000000003,435.27750000000003
2026-02-27 18:00:00+00:00,0.0,231.7375,231.7375,231.7375
2026-02-27 19:00:00+00:00,214.1475,22.0025,-192.145,-192.145
2026-02-27 20:00:00+00:00,260.855,0.0,-260.855,-260.855
2026-02-27 21:00:00+00:00,278.085,0.0,-278.085,-278.085
2026-02-27 22:00:00+00:00,213.6575,0.0,-213.6575,-213.6575
2026-02-27 23:00:00+00:00,108.38499999999999,0.0,-108.38499999999999,-108.38499999999999
2026-02-28 00:00:00+00:00,208.98250000000002,0.0,-208.98250000000002,-208.98250000000002
2026-02-28 01:00:00+00:00,268.1,0.0,-268.1,-268.1
2026-02-28 02:00:00+00:00,219.9925,0.0,-219.9925,-219.9925
2026-02-28 03:00:00+00:00,151.3075,0.0,-151.3075,-151.3075
2026-02-28 04:00:00+00:00,119.535,0.0,-119.535,-119.535
2026-02-28 05:00:00+00:00,151.56,0.0,-151.56,-151.56
2026-02-28 06:00:00+00:00,85.25,0.0,-85.25,-85.25
2026-02-28 07:00:00+00:00,77.5875,0.0,-77.5875,-77.5875
2026-02-28 08:00:00+00:00,15.46,213.91,198.45,198.45
2026-02-28 09:00:00+00:00,0.0,512.81,512.81,512.81
2026-02-28 10:00:00+00:00,0.0,570.6975,570.6975,570.6975
2026-02-28 11:00:00+00:00,0.0,438.70250000000004,438.70250000000004,438.70250000000004
2026-02-28 12:00:00+00:00,110.4325,45.765,-64.6675,-64.6675
2026-02-28 13:00:00+00:00,98.115,0.0,-98.115,-98.115
2026-02-28 14:00:00+00:00,213.5675,0.0,-213.5675,-213.5675
2026-02-28 15:00:00+00:00,0.0,238.57500000000002,238.57500000000002,238.57500000000002
2026-02-28 16:00:00+00:00,0.0,153.70250000000001,153.70250000000001,153.70250000000001
2026-02-28 17:00:00+00:00,0.0,301.835,301.835,301.835
2026-02-28 18:00:00+00:00,0.0,373.35249999999996,373.35249999999996,373.35249999999996
2026-02-28 19:00:00+00:00,0.0,353.725,353.725,353.725
2026-02-28 20:00:00+00:00,108.095,35.895,-72.19999999999999,-72.19999999999999
2026-02-28 21:00:00+00:00,204.5025,0.0,-204.5025,-204.5025
2026-02-28 22:00:00+00:00,135.72,0.0,-135.72,-135.72
2026-02-28 23:00:00+00:00,80.3125,0.0,-80.3125,-80.3125
2026-03-01 00:00:00+00:00,79.115,0.0,-79.115,-79.115
2026-03-01 01:00:00+00:00,74.3575,0.0,-74.3575,-74.3575
2026-03-01 02:00:00+00:00,146.04250000000002,0.0,-146.04250000000002,-146.04250000000002
2026-03-01 03:00:00+00:00,77.905,0.0,-77.905,-77.905
2026-03-01 04:00:00+00:00,85.065,0.0,-85.065,-85.065
2026-03-01 05:00:00+00:00,73.32,0.0,-73.32,-73.32
2026-03-01 06:00:00+00:00,118.3125,0.0,-118.3125,-118.3125
2026-03-01 07:00:00+00:00,63.870000000000005,9.7,-54.17,-54.17
2026-03-01 08:00:00+00:00,0.0,184.0925,184.0925,184.0925
2026-03-01 09:00:00+00:00,0.0,225.625,225.625,225.625
2026-03-01 10:00:00+00:00,0.0,321.74,321.74,321.74
2026-03-01 11:00:00+00:00,0.0,132.6675,132.6675,132.6675
2026-03-01 12:00:00+00:00,300.185,0.0,-300.185,-300.185
2026-03-01 13:00:00+00:00,480.11249999999995,0.0,-480.11249999999995,-480.11249999999995
2026-03-01 14:00:00+00:00,293.31,0.0,-293.31,-293.31
2026-03-01 15:00:00+00:00,62.56,33.3025,-29.2575,-29.2575
2026-03-01 16:00:00+00:00,0.0,216.6775,216.6775,216.6775
2026-03-01 17:00:00+00:00,0.0,294.115,294.115,294.115
2026-03-01 18:00:00+00:00,0.0,321.0875,321.0875,321.0875
2026-03-01 19:00:00+00:00,0.0,215.545,215.545,215.545
2026-03-01 20:00:00+00:00,15.445,123.705,108.25999999999999,108.25999999999999
2026-03-01 21:00:00+00:00,220.63,0.0,-220.63,-220.63
2026-03-01 22:00:00+00:00,163.4575,0.0,-163.4575,-163.4575
2026-03-01 23:00:00+00:00,197.79000000000002,0.0,-197.79000000000002,-197.79000000000002
2026-03-02 00:00:00+00:00,379.8775,0.0,-379.8775,-379.8775
2026-03-02 01:00:00+00:00,673.695,0.0,-673.695,-673.695
2026-03-02 02:00:00+00:00,667.0525,0.0,-667.0525,-667.0525
2026-03-02 03:00:00+00:00,461.7525,0.0,-461.7525,-461.7525
2026-03-02 04:00:00+00:00,421.25,0.0,-421.25,-421.25
2026-03-02 05:00:00+00:00,119.36749999999999,30.2675,-89.1,-89.1
2026-03-02 06:00:00+00:00,0.0,209.3375,209.3375,209.3375
2026-03-02 07:00:00+00:00,0.0,387.01,387.01,387.01
2026-03-02 08:00:00+00:00,0.0,394.25,394.25,394.25
2026-03-02 09:00:00+00:00,0.0,318.9275,318.9275,318.9275
2026-03-02 10:00:00+00:00,0.0,381.71,381.71,381.71
2026-03-02 11:00:00+00:00,0.0,135.81,135.81,135.81
2026-03-02 12:00:00+00:00,0.0,90.9725,90.9725,90.9725
2026-03-02 13:00:00+00:00,0.0,135.1375,135.1375,135.1375
2026-03-02 14:00:00+00:00,0.0,130.4925,130.4925,130.4925
2026-03-02 15:00:00+00:00,0.0,136.6275,136.6275,136.6275
2026-03-02 16:00:00+00:00,0.0,291.7325,291.7325,291.7325
2026-03-02 17:00:00+00:00,0.0,360.57500000000005,360.57500000000005,360.57500000000005
2026-03-02 18:00:00+00:00,0.0,154.665,154.665,154.665
2026-03-02 19:00:00+00:00,0.0,237.865,237.865,237.865
2026-03-02 20:00:00+00:00,0.0,134.36,134.36,134.36
2026-03-02 21:00:00+00:00,0.0,169.715,169.715,169.715
2026-03-02 22:00:00+00:00,0.0,206.415,206.415,206.415
2026-03-02 23:00:00+00:00,32.3925,52.2575,19.865000000000002,19.865000000000002
2026-03-03 00:00:00+00:00,206.2525,0.0,-206.2525,-206.2525
2026-03-03 01:00:00+00:00,416.82,0.0,-416.82,-416.82
2026-03-03 02:00:00+00:00,431.3725,0.0,-431.3725,-431.3725
2026-03-03 03:00:00+00:00,276.83,0.0,-276.83,-276.83
2026-03-03 04:00:00+00:00,13.275,81.61500000000001,68.34,68.34
2026-03-03 05:00:00+00:00,0.0,548.1324999999999,548.1324999999999,548.1324999999999
2026-03-03 06:00:00+00:00,0.0,647.1025,647.1025,647.1025
2026-03-03 07:00:00+00:00,0.0,610.6725,610.6725,610.6725
2026-03-03 08:00:00+00:00,0.0,440.595,440.595,440.595
2026-03-03 09:00:00+00:00,0.0,496.76750000000004,496.76750000000004,496.76750000000004
2026-03-03 10:00:00+00:00,0.0,374.305,374.305,374.305
2026-03-03 11:00:00+00:00,0.0,265.51,265.51,265.51
2026-03-03 12:00:00+00:00,0.0,238.905,238.905,238.905
2026-03-03 13:00:00+00:00,0.0,454.705,454.705,454.705
2026-03-03 14:00:00+00:00,0.0,280.62,280.62,280.62
2026-03-03 15:00:00+00:00,0.0,182.9,182.9,182.9
2026-03-03 16:00:00+00:00,0.0,352.7075,352.7075,352.7075
2026-03-03 17:00:00+00:00,0.0,613.475,613.475,613.475
2026-03-03 18:00:00+00:00,0.0,672.0325,672.0325,672.0325
2026-03-03 19:00:00+00:00,0.0,657.7674999999999,657.7674999999999,657.7674999999999
2026-03-03 20:00:00+00:00,0.0,223.91,223.91,223.91
2026-03-03 21:00:00+00:00,0.0,244.26,244.26,244.26
2026-03-03 22:00:00+00:00,0.0,276.995,276.995,276.995
2026-03-03 23:00:00+00:00,0.0,276.155,276.155,276.155
2026-03-04 00:00:00+00:00,0.0,118.87,118.87,118.87
2026-03-04 01:00:00+00:00,0.0,280.5,280.5,280.5
2026-03-04 02:00:00+00:00,0.0,260.1375,260.1375,260.1375
2026-03-04 03:00:00+00:00,0.0,392.2325,392.2325,392.2325
2026-03-04 04:00:00+00:00,0.0,105.655,105.655,105.655
2026-03-04 05:00:00+00:00,0.0,146.9425,146.9425,146.9425
2026-03-04 06:00:00+00:00,0.0,455.8325,455.8325,455.8325
2026-03-04 07:00:00+00:00,0.0,588.4275,588.4275,588.4275
2026-03-04 08:00:00+00:00,0.0,549.7375,549.7375,549.7375
2026-03-04 09:00:00+00:00,0.0,482.2475,482.2475,482.2475
2026-03-04 10:00:00+00:00,0.0,366.93,366.93,366.93
2026-03-04 11:00:00+00:00,0.0,179.98,179.98,179.98
2026-03-04 12:00:00+00:00,0.0,140.37,140.37,140.37
2026-03-04 13:00:00+00:00,0.0,262.5575,262.5575,262.5575
2026-03-04 14:00:00+00:00,0.0,526.7825,526.7825,526.7825
2026-03-04 15:00:00+00:00,0.0,425.315,425.315,425.315
2026-03-04 16:00:00+00:00,0.0,503.4075,503.4075,503.4075
2026-03-04 17:00:00+00:00,0.0,645.1775,645.1775,645.1775
2026-03-04 18:00:00+00:00,0.0,668.9725000000001,668.9725000000001,668.9725000000001
2026-03-04 19:00:00+00:00,0.0,487.33,487.33,487.33
2026-03-04 20:00:00+00:00,0.0,159.235,159.235,159.235
2026-03-04 21:00:00+00:00,0.0,315.27,315.27,315.27
2026-03-04 22:00:00+00:00,0.0,407.06,407.06,407.06
2026-03-04 23:00:00+00:00,0.0,437.8375,437.8375,437.8375
2026-03-05 00:00:00+00:00,0.0,432.1575,432.1575,432.1575
2026-03-05 01:00:00+00:00,0.0,385.70500000000004,385.70500000000004,385.70500000000004
2026-03-05 02:00:00+00:00,0.0,507.235,507.235,507.235
2026-03-05 03:00:00+00:00,0.0,476.565,476.565,476.565
2026-03-05 04:00:00+00:00,0.0,396.7925,396.7925,396.7925
2026-03-05 05:00:00+00:00,0.0,577.7275,577.7275,577.7275
2026-03-05 06:00:00+00:00,0.0,598.7625,598.7625,598.7625
2026-03-05 07:00:00+00:00,0.0,650.5225,650.5225,650.5225
2026-03-05 08:00:00+00:00,0.0,639.0625,639.0625,639.0625
2026-03-05 09:00:00+00:00,0.0,611.15,611.15,611.15
2026-03-05 10:00:00+00:00,0.0,246.4275,246.4275,246.4275
2026-03-05 11:00:00+00:00,0.0,142.60750000000002,142.60750000000002,142.60750000000002
2026-03-05 12:00:00+00:00,0.0,90.495,90.495,90.495
2026-03-05 13:00:00+00:00,0.0,93.875,93.875,93.875
2026-03-05 14:00:00+00:00,0.0,192.83499999999998,192.83499999999998,192.83499999999998
2026-03-05 15:00:00+00:00,0.0,173.73,173.73,173.73
2026-03-05 16:00:00+00:00,0.0,423.71500000000003,423.71500000000003,423.71500000000003
2026-03-05 17:00:00+00:00,0.0,673.5575,673.5575,673.5575
2026-03-05 18:00:00+00:00,0.0,622.47,622.47,622.47
2026-03-05 19:00:00+00:00,0.0,287.7175,287.7175,287.7175
2026-03-05 20:00:00+00:00,0.0,359.6825,359.6825,359.6825
2026-03-05 21:00:00+00:00,0.0,433.145,433.145,433.145
2026-03-05 22:00:00+00:00,0.0,516.2825,516.2825,516.2825
2026-03-05 23:00:00+00:00,0.0,559.0,559.0,559.0
2026-03-06 00:00:00+00:00,0.0,359.375,359.375,359.375
2026-03-06 01:00:00+00:00,0.0,412.44,412.44,412.44
2026-03-06 02:00:00+00:00,0.0,371.4525,371.4525,371.4525
2026-03-06 03:00:00+00:00,0.0,341.2875,341.2875,341.2875
2026-03-06 04:00:00+00:00,0.0,474.9975,474.9975,474.9975
2026-03-06 05:00:00+00:00,0.0,497.5525,497.5525,497.5525
2026-03-06 06:00:00+00:00,0.0,613.505,613.505,613.505
2026-03-06 07:00:00+00:00,0.0,583.845,583.845,583.845
2026-03-06 08:00:00+00:00,0.0,520.14,520.14,520.14
2026-03-06 09:00:00+00:00,0.0,589.17,589.17,589.17
2026-03-06 10:00:00+00:00,0.0,558.545,558.545,558.545
2026-03-06 11:00:00+00:00,0.0,247.9975,247.9975,247.9975
2026-03-06 12:00:00+00:00,0.0,353.755,353.755,353.755
2026-03-06 13:00:00+00:00,0.0,398.8,398.8,398.8
2026-03-06 14:00:00+00:00,0.0,306.68,306.68,306.68
2026-03-06 15:00:00+00:00,0.0,214.4125,214.4125,214.4125
2026-03-06 16:00:00+00:00,0.0,376.0425,376.0425,376.0425
2026-03-06 17:00:00+00:00,0.0,678.49,678.49,678.49
2026-03-06 18:00:00+00:00,0.0,600.0575,600.0575,600.0575
2026-03-06 19:00:00+00:00,35.7825,134.52249999999998,98.73999999999998,98.73999999999998
2026-03-06 20:00:00+00:00,166.75,0.0,-166.75,-166.75
2026-03-06 21:00:00+00:00,88.005,0.0,-88.005,-88.005
2026-03-06 22:00:00+00:00,97.52,0.0,-97.52,-97.52
2026-03-06 23:00:00+00:00,101.425,0.0,-101.425,-101.425
